netloc,link,title
www.rspg.or.th,http://www.rspg.or.th/index.html,
www.rspg.or.th,http://www.rspg.or.th/plants_data/herbs/herb1.htm,"
		"
www.rspg.or.th,http://www.rspg.or.th/plants_data/herbs/index.html,
www.rspg.or.th,http://www.rspg.or.th/plants_data/herbs/herbs_01.htm,กลุ่มยาลดไขมันในเส้นเลือด
www.rspg.or.th,http://www.rspg.or.th/plants_data/herbs/herbs_02.htm,กลุ่มยารักษาโรคผิวหนัง ผื่นคัน กลากเกลื้อน
www.rspg.or.th,http://www.rspg.or.th/plants_data/herbs/herbs_03.htm,กลุ่มพืชหอม เป็นยาบำรุงหัวใจ
www.rspg.or.th,http://www.rspg.or.th/plants_data/herbs/herbs_04.htm,กลุ่มถ่ายพยาธิ
www.rspg.or.th,http://www.rspg.or.th/plants_data/herbs/herbs_05.htm,กลุ่มยาถ่าย
www.rspg.or.th,http://www.rspg.or.th/plants_data/herbs/herbs_06.htm,กลุ่มยาแก้ท้องขึ้น ท้องอืด ท้องเฟ้อ
www.rspg.or.th,http://www.rspg.or.th/plants_data/herbs/herbs_07.htm,กลุ่มยาแก้บิด ท้องเดินท้องร่วง โรคกระเพาะ
www.rspg.or.th,http://www.rspg.or.th/plants_data/herbs/herbs_08.htm,กลุ่มยาขับเสมหะ แก้ไอ
www.rspg.or.th,http://www.rspg.or.th/plants_data/herbs/herbs_09.htm,กลุ่มยาแก้ไข้ ลดความร้อน
www.rspg.or.th,http://www.rspg.or.th/plants_data/herbs/herbs_10.htm,กลุ่มยาแก้อ่อนเพลีย บำรุงกำลัง บำรุงธาตุ
www.rspg.or.th,http://www.rspg.or.th/plants_data/herbs/herbs_11.htm,กลุ่มยาแก้อาเจียน
www.rspg.or.th,http://www.rspg.or.th/plants_data/herbs/herbs_12.htm,กลุ่มยาขับปัสสาวะ
www.rspg.or.th,http://www.rspg.or.th/plants_data/herbs/herbs_13.htm,กลุ่มยาขับน้ำนม
www.rspg.or.th,http://www.rspg.or.th/plants_data/herbs/herbs_14.htm,กลุ่มยากล่อมประสาท ทำให้นอนหลับ
www.rspg.or.th,http://www.rspg.or.th/plants_data/herbs/herbs_15.htm,กลุ่มยากันหรือแก้เลือดออกตามไรฟัน
www.rspg.or.th,http://www.rspg.or.th/plants_data/herbs/herbs_16.htm,กลุ่มยาลดความดันโลหิตสูง
www.rspg.or.th,http://www.rspg.or.th/plants_data/herbs/herbs_17.htm,กลุ่มยารักษาริดสีดวงทวาร
www.rspg.or.th,http://www.rspg.or.th/plants_data/herbs/herbs_18.htm,กลุ่มยาแก้ปวดฟัน
www.rspg.or.th,http://www.rspg.or.th/plants_data/herbs/herbs_19.htm,กลุ่มสมุนไพรแก้มะเร็ง
www.rspg.or.th,http://www.rspg.or.th/plants_data/herbs/herbs_20.htm,กลุ่มพืชถอนพิษ
www.rspg.or.th,http://www.rspg.or.th/plants_data/herbs/herbs_21.htm,กลุ่มยาแก้โรคเรื้อน
www.rspg.or.th,http://www.rspg.or.th/plants_data/herbs/herbs_22.htm,กลุ่มยารักษา เหา หิด จี๊ด
www.rspg.or.th,http://www.rspg.or.th/plants_data/herbs/herbs_23.htm,กลุ่มยารักษาโรคน้ำกัดเท้า
www.rspg.or.th,http://www.rspg.or.th/plants_data/herbs/herbs_24.htm,กลุ่มยารักษาหูด
www.rspg.or.th,http://www.rspg.or.th/plants_data/herbs/herbs_25.htm,กลุ่มสมุนไพรไล่ยุงหรือฆ่าแมลง
www.rspg.or.th,http://www.rspg.or.th/plants_data/herbs/herbs_26.htm,กลุ่มยาขับประจำเดือน
www.rspg.or.th,http://www.rspg.or.th/plants_data/herbs/herbs_27.htm,กลุ่มยารักษาเบาหวาน
www.rspg.or.th,http://www.rspg.or.th/plants_data/herbs/herbs_28.htm,กลุ่มสมุนไพรแก้ฟกช้ำ ปวดข้อ เส้นพิการ
www.rspg.or.th,http://www.rspg.or.th/plants_data/herbs/herbs_29.htm,กลุ่มรักษาตา คางทูม แก้ปวดหู
www.rspg.or.th,http://www.rspg.or.th/plants_data/herbs/herbs_30.htm,สมุนไพรให้สีแต่งอาหาร
www.facebook.com,https://www.facebook.com/frynn,
twitter.com,https://twitter.com/FrynnMD,
plus.google.com,https://plus.google.com/105108896034267152700/,
www.linkedin.com,http://www.linkedin.com/in/frynn,
frynn.com,http://frynn.com/health/,สาระสุขภาพ
frynn.com,http://frynn.com/health/addictions/,การเสพติด
frynn.com,http://frynn.com/oral-health/,สุขภาพช่องปาก
frynn.com,http://frynn.com/skin-problems-and-treatments/,ปัญหาผิว
frynn.com,http://frynn.com/mind-and-body/,ร่างกายและจิตใจ
frynn.com,http://frynn.com/family-pregnancy/,ครอบครัวและการตั้งครรภ์
frynn.com,http://frynn.com/family-pregnancy/sex-and-relationships/,เซ็กส์และความสัมพันธ์
frynn.com,http://frynn.com/weight-loss/,วิธีลดน้ำหนัก & ความอ้วน
frynn.com,http://frynn.com/beauty/,ความสวย ความงาม
frynn.com,http://frynn.com/bright-skin/,วิธีทำให้ผิวขาว
frynn.com,http://frynn.com/clear-spots/,วิธีรักษาสิว ฝ้า กระ
frynn.com,http://frynn.com/cosmetics/,ทิปเครื่องสำอาง
frynn.com,http://frynn.com/herb/,สมุนไพร
frynn.com,http://frynn.com/%e0%b8%a3%e0%b8%b2%e0%b8%a2%e0%b8%8a%e0%b8%b7%e0%b9%88%e0%b8%ad%e0%b8%aa%e0%b8%a1%e0%b8%b8%e0%b8%99%e0%b9%84%e0%b8%9e%e0%b8%a3/,รายชื่อสมุนไพร ก-ฮ
frynn.com,http://frynn.com/vegetable/,ผัก
frynn.com,http://frynn.com/fruit/,ผลไม้
frynn.com,http://frynn.com/nutrient/,วิตามินและแร่ธาตุ
hot.frynn.com,http://hot.frynn.com,Lifestyle
frynn.com,http://frynn.com/about/,เกี่ยวกับเรา
frynn.com,http://frynn.com/terms/,เงื่อนไขและนโยบาย
frynn.com,http://frynn.com/contact/,ติดต่อสอบถาม
frynn.com,http://frynn.com/%e0%b8%ab%e0%b8%a1%e0%b8%a7%e0%b8%81%e0%b8%84%e0%b8%a3%e0%b8%ad%e0%b8%9a%e0%b8%9b%e0%b8%b2%e0%b8%81%e0%b8%a1%e0%b8%94%e0%b8%a5%e0%b8%b9%e0%b8%81/,
frynn.com,http://frynn.com/%e0%b8%a2%e0%b8%b2%e0%b8%86%e0%b9%88%e0%b8%b2%e0%b9%80%e0%b8%8a%e0%b8%b7%e0%b9%89%e0%b8%ad%e0%b8%ad%e0%b8%aa%e0%b8%b8%e0%b8%88%e0%b8%b4/,
frynn.com,http://frynn.com/%e0%b8%a7%e0%b8%87%e0%b9%81%e0%b8%ab%e0%b8%a7%e0%b8%99%e0%b8%84%e0%b8%b8%e0%b8%a1%e0%b8%81%e0%b8%b3%e0%b9%80%e0%b8%99%e0%b8%b4%e0%b8%94/,
frynn.com,http://frynn.com/%e0%b9%81%e0%b8%9c%e0%b9%88%e0%b8%99%e0%b9%81%e0%b8%9b%e0%b8%b0%e0%b8%84%e0%b8%b8%e0%b8%a1%e0%b8%81%e0%b8%b3%e0%b9%80%e0%b8%99%e0%b8%b4%e0%b8%94/,
frynn.com,http://frynn.com/%e0%b8%a2%e0%b8%b2%e0%b8%9d%e0%b8%b1%e0%b8%87%e0%b8%84%e0%b8%b8%e0%b8%a1%e0%b8%81%e0%b8%b3%e0%b9%80%e0%b8%99%e0%b8%b4%e0%b8%94/,
frynn.com,http://frynn.com/%e0%b8%a2%e0%b8%b2%e0%b8%89%e0%b8%b5%e0%b8%94%e0%b8%84%e0%b8%b8%e0%b8%a1%e0%b8%81%e0%b8%b3%e0%b9%80%e0%b8%99%e0%b8%b4%e0%b8%94/,
frynn.com,http://frynn.com/%e0%b8%ab%e0%b9%88%e0%b8%a7%e0%b8%87%e0%b8%ad%e0%b8%99%e0%b8%b2%e0%b8%a1%e0%b8%b1%e0%b8%a2/,
frynn.com,http://frynn.com/%e0%b8%96%e0%b8%b8%e0%b8%87%e0%b8%a2%e0%b8%b2%e0%b8%87%e0%b8%ad%e0%b8%99%e0%b8%b2%e0%b8%a1%e0%b8%b1%e0%b8%a2%e0%b8%9c%e0%b8%b9%e0%b9%89%e0%b8%ab%e0%b8%8d%e0%b8%b4%e0%b8%87/,
frynn.com,http://frynn.com/about/,About Us
frynn.com,http://frynn.com/contact/,Contact Us
frynn.com,http://frynn.com/terms/,Terms & Privacy
frynn.com,http://frynn.com/health/,สาระสุขภาพ
frynn.com,http://frynn.com/health/addictions/,การเสพติด
frynn.com,http://frynn.com/oral-health/,สุขภาพช่องปาก
frynn.com,http://frynn.com/skin-problems-and-treatments/,ปัญหาผิว
frynn.com,http://frynn.com/mind-and-body/,ร่างกายและจิตใจ
frynn.com,http://frynn.com/family-pregnancy/,ครอบครัวและการตั้งครรภ์
frynn.com,http://frynn.com/family-pregnancy/sex-and-relationships/,เซ็กส์และความสัมพันธ์
frynn.com,http://frynn.com/weight-loss/,วิธีลดน้ำหนัก & ความอ้วน
frynn.com,http://frynn.com/beauty/,ความสวย ความงาม
frynn.com,http://frynn.com/bright-skin/,วิธีทำให้ผิวขาว
frynn.com,http://frynn.com/clear-spots/,วิธีรักษาสิว ฝ้า กระ
frynn.com,http://frynn.com/cosmetics/,ทิปเครื่องสำอาง
frynn.com,http://frynn.com/herb/,สมุนไพร
frynn.com,http://frynn.com/%e0%b8%a3%e0%b8%b2%e0%b8%a2%e0%b8%8a%e0%b8%b7%e0%b9%88%e0%b8%ad%e0%b8%aa%e0%b8%a1%e0%b8%b8%e0%b8%99%e0%b9%84%e0%b8%9e%e0%b8%a3/,รายชื่อสมุนไพร ก-ฮ
frynn.com,http://frynn.com/vegetable/,ผัก
frynn.com,http://frynn.com/fruit/,ผลไม้
frynn.com,http://frynn.com/nutrient/,วิตามินและแร่ธาตุ
hot.frynn.com,http://hot.frynn.com,Lifestyle
frynn.com,http://frynn.com/about/,เกี่ยวกับเรา
frynn.com,http://frynn.com/terms/,เงื่อนไขและนโยบาย
frynn.com,http://frynn.com/contact/,ติดต่อสอบถาม
frynn.com,http://frynn.com,
frynn.com,http://frynn.com/%e0%b8%9e%e0%b8%b4%e0%b8%a9%e0%b8%99%e0%b8%b2%e0%b8%a8%e0%b8%99%e0%b9%8c/, 
frynn.com,http://frynn.com/%e0%b8%9e%e0%b8%b1%e0%b8%87%e0%b9%81%e0%b8%ab%e0%b8%a3%e0%b9%83%e0%b8%ab%e0%b8%8d%e0%b9%88/, 
frynn.com,http://frynn.com/%e0%b8%9e%e0%b8%a7%e0%b8%87%e0%b8%95%e0%b8%b8%e0%b9%89%e0%b8%a1%e0%b8%ab%e0%b8%b9/, 
frynn.com,http://frynn.com/%e0%b8%9e%e0%b8%a5%e0%b8%ad%e0%b8%87%e0%b9%81%e0%b8%81%e0%b9%89%e0%b8%a1%e0%b8%ad%e0%b9%89%e0%b8%99/, 
frynn.com,http://frynn.com/%e0%b8%9e%e0%b8%a5%e0%b8%ad%e0%b8%87%e0%b9%83%e0%b8%9a%e0%b9%83%e0%b8%ab%e0%b8%8d%e0%b9%88/, 
frynn.com,http://frynn.com/%e0%b8%9e%e0%b8%a3%e0%b8%b4%e0%b8%81%e0%b8%99%e0%b8%b2%e0%b8%a2%e0%b8%9e%e0%b8%a3%e0%b8%b2%e0%b8%99/, 
frynn.com,http://frynn.com/%e0%b8%9c%e0%b8%b1%e0%b8%81%e0%b8%ab%e0%b8%99%e0%b8%b2%e0%b8%a1/, 
frynn.com,http://frynn.com/%e0%b9%82%e0%b8%9b%e0%b8%a3%e0%b9%88%e0%b8%87%e0%b8%81%e0%b8%b4%e0%b9%88%e0%b8%a7/, 
frynn.com,http://frynn.com/%e0%b8%9b%e0%b8%ad%e0%b8%9e%e0%b8%a3%e0%b8%b2%e0%b8%99/, 
frynn.com,http://frynn.com/%e0%b8%9b%e0%b8%ad%e0%b8%9c%e0%b8%b5/, 
frynn.com,http://frynn.com/%e0%b8%9b%e0%b8%ad%e0%b9%80%e0%b8%95%e0%b9%88%e0%b8%b2%e0%b9%84%e0%b8%ab%e0%b9%89/, 
frynn.com,http://frynn.com/%e0%b8%99%e0%b8%b2%e0%b8%87%e0%b8%88%e0%b8%b8%e0%b9%88%e0%b8%a1/, 
frynn.com,http://frynn.com/%e0%b9%82%e0%b8%97%e0%b8%b0/, 
frynn.com,http://frynn.com/%e0%b9%80%e0%b8%95%e0%b9%88%e0%b8%b2%e0%b8%a3%e0%b9%89%e0%b8%b2%e0%b8%87%e0%b9%81%e0%b8%94%e0%b8%87/, 
frynn.com,http://frynn.com/%e0%b9%80%e0%b8%95%e0%b9%87%e0%b8%87%e0%b8%ab%e0%b8%99%e0%b8%b2%e0%b8%a1/, 
frynn.com,http://frynn.com/herb/page/2/,Older Entries »
frynn.com,http://frynn.com/herb/page/2/,2
frynn.com,http://frynn.com/herb/page/3/,3
frynn.com,http://frynn.com/herb/page/10/,10
frynn.com,http://frynn.com/herb/page/20/,20
frynn.com,http://frynn.com/herb/page/30/,30
frynn.com,http://frynn.com/herb/page/2/,»
frynn.com,http://frynn.com/herb/page/67/,Last »
frynn.com,http://frynn.com, 
frynn.com,http://frynn.com, 
www.facebook.com,https://www.facebook.com/frynn,
twitter.com,https://twitter.com/FrynnMD,
plus.google.com,https://plus.google.com/105108896034267152700/,
www.linkedin.com,http://www.linkedin.com/in/frynn,
frynn.com,http://frynn.com/health/,สาระสุขภาพ
frynn.com,http://frynn.com/health/addictions/,การเสพติด
frynn.com,http://frynn.com/oral-health/,สุขภาพช่องปาก
frynn.com,http://frynn.com/skin-problems-and-treatments/,ปัญหาผิว
frynn.com,http://frynn.com/mind-and-body/,ร่างกายและจิตใจ
frynn.com,http://frynn.com/family-pregnancy/,ครอบครัวและการตั้งครรภ์
frynn.com,http://frynn.com/family-pregnancy/sex-and-relationships/,เซ็กส์และความสัมพันธ์
frynn.com,http://frynn.com/weight-loss/,วิธีลดน้ำหนัก & ความอ้วน
frynn.com,http://frynn.com/beauty/,ความสวย ความงาม
frynn.com,http://frynn.com/bright-skin/,วิธีทำให้ผิวขาว
frynn.com,http://frynn.com/clear-spots/,วิธีรักษาสิว ฝ้า กระ
frynn.com,http://frynn.com/cosmetics/,ทิปเครื่องสำอาง
frynn.com,http://frynn.com/herb/,สมุนไพร
frynn.com,http://frynn.com/%e0%b8%a3%e0%b8%b2%e0%b8%a2%e0%b8%8a%e0%b8%b7%e0%b9%88%e0%b8%ad%e0%b8%aa%e0%b8%a1%e0%b8%b8%e0%b8%99%e0%b9%84%e0%b8%9e%e0%b8%a3/,รายชื่อสมุนไพร ก-ฮ
frynn.com,http://frynn.com/vegetable/,ผัก
frynn.com,http://frynn.com/fruit/,ผลไม้
frynn.com,http://frynn.com/nutrient/,วิตามินและแร่ธาตุ
hot.frynn.com,http://hot.frynn.com,Lifestyle
frynn.com,http://frynn.com/about/,เกี่ยวกับเรา
frynn.com,http://frynn.com/terms/,เงื่อนไขและนโยบาย
frynn.com,http://frynn.com/contact/,ติดต่อสอบถาม
frynn.com,http://frynn.com/%e0%b8%a3%e0%b8%b2%e0%b8%a2%e0%b8%8a%e0%b8%b7%e0%b9%88%e0%b8%ad%e0%b8%aa%e0%b8%a1%e0%b8%b8%e0%b8%99%e0%b9%84%e0%b8%9e%e0%b8%a3/#T,"1 หมวด ก, ข, ค, ฆ, ง"
frynn.com,http://frynn.com/%e0%b8%a3%e0%b8%b2%e0%b8%a2%e0%b8%8a%e0%b8%b7%e0%b9%88%e0%b8%ad%e0%b8%aa%e0%b8%a1%e0%b8%b8%e0%b8%99%e0%b9%84%e0%b8%9e%e0%b8%a3/#T-2,"2 หมวด จ, ฉ, ช, ซ, ด"
frynn.com,http://frynn.com/%e0%b8%a3%e0%b8%b2%e0%b8%a2%e0%b8%8a%e0%b8%b7%e0%b9%88%e0%b8%ad%e0%b8%aa%e0%b8%a1%e0%b8%b8%e0%b8%99%e0%b9%84%e0%b8%9e%e0%b8%a3/#T-3,"3 หมวด ต, ถ, ท, ธ, น"
frynn.com,http://frynn.com/%e0%b8%a3%e0%b8%b2%e0%b8%a2%e0%b8%8a%e0%b8%b7%e0%b9%88%e0%b8%ad%e0%b8%aa%e0%b8%a1%e0%b8%b8%e0%b8%99%e0%b9%84%e0%b8%9e%e0%b8%a3/#T-4,"4 หมวด บ, ป, ผ, ฝ, พ"
frynn.com,http://frynn.com/%e0%b8%a3%e0%b8%b2%e0%b8%a2%e0%b8%8a%e0%b8%b7%e0%b9%88%e0%b8%ad%e0%b8%aa%e0%b8%a1%e0%b8%b8%e0%b8%99%e0%b9%84%e0%b8%9e%e0%b8%a3/#T-5,"5 หมวด ฟ, ม, ย, ร, ล"
health.kapook.com,http://health.kapook.com/herb,
health.kapook.com,http://health.kapook.com/herb,เข้าระบบ
frynn.com,http://frynn.com/%e0%b8%a3%e0%b8%b2%e0%b8%a2%e0%b8%8a%e0%b8%b7%e0%b9%88%e0%b8%ad%e0%b8%aa%e0%b8%a1%e0%b8%b8%e0%b8%99%e0%b9%84%e0%b8%9e%e0%b8%a3/#T-6,"6 หมวด ว, ส, ห, อ, ฮ"
frynn.com,http://frynn.com/%e0%b8%a3%e0%b8%b2%e0%b8%a2%e0%b8%8a%e0%b8%b7%e0%b9%88%e0%b8%ad%e0%b8%aa%e0%b8%a1%e0%b8%b8%e0%b8%99%e0%b9%84%e0%b8%9e%e0%b8%a3/#T-7,7 สมุนไพรจากสัตว์
frynn.com,http://frynn.com/%e0%b8%a3%e0%b8%b2%e0%b8%a2%e0%b8%8a%e0%b8%b7%e0%b9%88%e0%b8%ad%e0%b8%aa%e0%b8%a1%e0%b8%b8%e0%b8%99%e0%b9%84%e0%b8%9e%e0%b8%a3/#T-8,8 สมุนไพรจากแหล่งอื่น
frynn.com,http://frynn.com/%e0%b8%a3%e0%b8%b2%e0%b8%a2%e0%b8%8a%e0%b8%b7%e0%b9%88%e0%b8%ad%e0%b8%aa%e0%b8%a1%e0%b8%b8%e0%b8%99%e0%b9%84%e0%b8%9e%e0%b8%a3/#T-9,9 วงศ์สมุนไพร
frynn.com,http://frynn.com/tag/ACANTHACEAE/,ACANTHACEAE
frynn.com,http://frynn.com/tag/ACHARIACEAE/,ACHARIACEAE
frynn.com,http://frynn.com/tag/ACORACEAE/,ACORACEAE
frynn.com,http://frynn.com/tag/ADOXACEAE/,ADOXACEAE
frynn.com,http://frynn.com/tag/AIZOACEAE/,AIZOACEAE
frynn.com,http://frynn.com/tag/AMARANTHACEAE/,AMARANTHACEAE
signup-demo.kapook.com,http://signup-demo.kapook.com/account/signup?apikey=cxsw3ed21qaz&callback=http://health.kapook.com/herb,สมัครสมาชิก ได้มากกว่าที่คุณคิด
headline.kapook.com,http://headline.kapook.com,ข่าวด่วน
frynn.com,http://frynn.com/tag/AMARYLLIDACEAE/,AMARYLLIDACEAE
frynn.com,http://frynn.com/tag/ALLIOIDEAE/,ALLIOIDEAE 
frynn.com,http://frynn.com/tag/ALLIACEAE/,ALLIACEAE
frynn.com,http://frynn.com/tag/ANACARDIACEAE/,ANACARDIACEAE
frynn.com,http://frynn.com/tag/ANCISTROCLADACEAE/,ANCISTROCLADACEAE
frynn.com,http://frynn.com/tag/ANNONACEAE/,ANNONACEAE
frynn.com,http://frynn.com/tag/APIACEAE/,APIACEAE
frynn.com,http://frynn.com/tag/UMBELLIFERAE/,UMBELLIFERAE
frynn.com,http://frynn.com/tag/HYDROCOTYLOIDEAE/,HYDROCOTYLOIDEAE
frynn.com,http://frynn.com/tag/APOCYNACEAE/,APOCYNACEAE
frynn.com,http://frynn.com/tag/APOCYNOIDEAE/,APOCYNOIDEAE
frynn.com,http://frynn.com/tag/ASCLEPIADOIDEAE/,ASCLEPIADOIDEAE
frynn.com,http://frynn.com/tag/ASCLEPIADACEAE/,ASCLEPIADACEAE
frynn.com,http://frynn.com/tag/RAUVOLFIOIDEAE/,RAUVOLFIOIDEAE
frynn.com,http://frynn.com/tag/ARACEAE/,ARACEAE
frynn.com,http://frynn.com/tag/ARALIACEAE/,ARALIACEAE
frynn.com,http://frynn.com/tag/ARALIOIDEAE/,ARALIOIDEAE
frynn.com,http://frynn.com/tag/ARECACEAE/,ARECACEAE
frynn.com,http://frynn.com/tag/PALMAE/,PALMAE
frynn.com,http://frynn.com/tag/PALMACEAE/,PALMACEAE
frynn.com,http://frynn.com/tag/ARISTOLOCHIACEAE/,ARISTOLOCHIACEAE
frynn.com,http://frynn.com/tag/ASPARAGACEAE/,ASPARAGACEAE
frynn.com,http://frynn.com/tag/ASPARAGOIDEAE/,ASPARAGOIDEAE
frynn.com,http://frynn.com/tag/LOMANDROIDEAE/,LOMANDROIDEAE
frynn.com,http://frynn.com/tag/NOLINOIDEAE/,NOLINOIDEAE
frynn.com,http://frynn.com/tag/ASTERACEAE/,ASTERACEAE
frynn.com,http://frynn.com/tag/COMPOSITAE/,COMPOSITAE
frynn.com,http://frynn.com/tag/ATHYRIACEAE/,ATHYRIACEAE
frynn.com,http://frynn.com/tag/AURICULARIACEAE/,AURICULARIACEAE
frynn.com,http://frynn.com/tag/BALANOPHORACEAE/,BALANOPHORACEAE
frynn.com,http://frynn.com/tag/BALSAMINACEAE/,BALSAMINACEAE
frynn.com,http://frynn.com/tag/BASELLACEAE/,BASELLACEAE 
frynn.com,http://frynn.com/tag/BETULACEAE/,BETULACEAE
frynn.com,http://frynn.com/tag/BIGNONIACEAE/,BIGNONIACEAE
frynn.com,http://frynn.com/tag/BIXACEAE/,BIXACEAE
frynn.com,http://frynn.com/tag/BORAGINACEAE/,BORAGINACEAE
frynn.com,http://frynn.com/tag/BRASSICACEAE/,BRASSICACEAE
frynn.com,http://frynn.com/tag/CRUCIFERAE/,CRUCIFERAE
frynn.com,http://frynn.com/tag/BROMELIACEAE/,BROMELIACEAE
frynn.com,http://frynn.com/tag/BROMELIOIDEAE/,BROMELIOIDEAE
frynn.com,http://frynn.com/tag/BURSERACEAE/,BURSERACEAE
frynn.com,http://frynn.com/tag/CACTACEAE/,CACTACEAE
frynn.com,http://frynn.com/tag/CALOPHYLLACEAE/,CALOPHYLLACEAE
frynn.com,http://frynn.com/tag/CAMPANULACEAE/,CAMPANULACEAE
frynn.com,http://frynn.com/tag/CANNABACEAE/,CANNABACEAE
frynn.com,http://frynn.com/tag/CANNACEAE/,CANNACEAE
frynn.com,http://frynn.com/tag/CAPPARACEAE/,CAPPARACEAE
frynn.com,http://frynn.com/tag/CAPPARIDACEAE/,CAPPARIDACEAE
frynn.com,http://frynn.com/tag/CAPRIFOLIACEAE/,CAPRIFOLIACEAE
frynn.com,http://frynn.com/tag/CARDIOPTERIDACEAE/,CARDIOPTERIDACEAE
frynn.com,http://frynn.com/tag/CARICACEAE/,CARICACEAE
frynn.com,http://frynn.com/tag/CARYOPHYLLACEAE/,CARYOPHYLLACEAE
frynn.com,http://frynn.com/tag/CASUARINACEAE/,CASUARINACEAE
frynn.com,http://frynn.com/tag/CELASTRACEAE/,CELASTRACEAE
frynn.com,http://frynn.com/tag/CHLORANTHACEAE/,CHLORANTHACEAE
frynn.com,http://frynn.com/tag/CHRYSOBALANACEAE/,CHRYSOBALANACEAE
frynn.com,http://frynn.com/tag/CIBOTIACEAE/,CIBOTIACEAE
frynn.com,http://frynn.com/tag/CLEOMACEAE/,CLEOMACEAE
frynn.com,http://frynn.com/tag/CLUSIACEAE/,CLUSIACEAE
frynn.com,http://frynn.com/tag/GUTTIFERAE/,GUTTIFERAE
frynn.com,http://frynn.com/tag/CLUSIOIDEAE/,CLUSIOIDEAE
frynn.com,http://frynn.com/tag/COLCHICACEAE/,COLCHICACEAE
frynn.com,http://frynn.com/tag/COMBRETACEAE/,COMBRETACEAE
frynn.com,http://frynn.com/tag/COMMELINACEAE/,COMMELINACEAE
frynn.com,http://frynn.com/tag/CONNARACEAE/,CONNARACEAE
frynn.com,http://frynn.com/tag/CONVOLVULACEAE/,CONVOLVULACEAE
frynn.com,http://frynn.com/tag/CORNACEAE/,CORNACEAE
frynn.com,http://frynn.com/tag/COSTACEAE/,COSTACEAE
frynn.com,http://frynn.com/tag/CRASSULACEAE/,CRASSULACEAE
frynn.com,http://frynn.com/tag/CUCURBITACEAE/,CUCURBITACEAE
frynn.com,http://frynn.com/tag/CUPRESSACEAE/,CUPRESSACEAE
frynn.com,http://frynn.com/tag/CYATHEACEAE/,CYATHEACEAE
frynn.com,http://frynn.com/tag/CYCADACEAE/,CYCADACEAE
frynn.com,http://frynn.com/tag/CYPERACEAE/,CYPERACEAE
frynn.com,http://frynn.com/tag/DILLENIACEAE/,DILLENIACEAE
frynn.com,http://frynn.com/tag/DIOSCOREACEAE/,DIOSCOREACEAE
frynn.com,http://frynn.com/tag/DIPTEROCARPACEAE/,DIPTEROCARPACEAE
frynn.com,http://frynn.com/tag/EBENACEAE/,EBENACEAE
frynn.com,http://frynn.com/tag/ELAEAGNACEAE/,ELAEAGNACEAE
frynn.com,http://frynn.com/tag/ELAEOCARPACEAE/,ELAEOCARPACEAE
frynn.com,http://frynn.com/tag/ERICACEAE/,ERICACEAE
frynn.com,http://frynn.com/tag/ERYTHROXYLACEAE/,ERYTHROXYLACEAE
frynn.com,http://frynn.com/tag/EUPHORBIACEAE/,EUPHORBIACEAE
frynn.com,http://frynn.com/tag/ACALYPHOIDEAE/,ACALYPHOIDEAE
frynn.com,http://frynn.com/tag/FABACEAE/,FABACEAE
frynn.com,http://frynn.com/tag/LEGUMINOSAE/,LEGUMINOSAE
frynn.com,http://frynn.com/tag/CAESALPINIOIDEAE/,CAESALPINIOIDEAE
frynn.com,http://frynn.com/tag/CAESALPINIACEAE/,CAESALPINIACEAE
frynn.com,http://frynn.com/tag/FABOIDEAE/,FABOIDEAE
frynn.com,http://frynn.com/tag/PAPILIONOIDEAE/,PAPILIONOIDEAE
frynn.com,http://frynn.com/tag/PAPILIONACEAE/,PAPILIONACEAE
frynn.com,http://frynn.com/tag/MIMOSOIDEAE/,MIMOSOIDEAE
frynn.com,http://frynn.com/tag/MIMOSACEAE/,MIMOSACEAE
frynn.com,http://frynn.com/tag/FAGACEAE/,FAGACEAE
frynn.com,http://frynn.com/tag/FLAGELLARIACEAE/,FLAGELLARIACEAE
frynn.com,http://frynn.com/tag/GANODERMATACEAE/,GANODERMATACEAE
frynn.com,http://frynn.com/tag/GENTIANACEAE/,GENTIANACEAE
frynn.com,http://frynn.com/tag/GINKGOACEAE/,GINKGOACEAE
frynn.com,http://frynn.com/tag/GNETACEAE/,GNETACEAE
frynn.com,http://frynn.com/tag/GOODENIACEAE/,GOODENIACEAE
frynn.com,http://frynn.com/tag/HYDROCHARITACEAE/,HYDROCHARITACEAE
frynn.com,http://frynn.com/tag/HYPERICACEAE/,HYPERICACEAE
frynn.com,http://frynn.com/tag/IRIDACEAE/,IRIDACEAE
frynn.com,http://frynn.com/tag/IRVINGIACEAE/,IRVINGIACEAE
frynn.com,http://frynn.com/tag/JUGLANDACEAE/,JUGLANDACEAE
frynn.com,http://frynn.com/tag/LAMIACEAE/,LAMIACEAE
frynn.com,http://frynn.com/tag/LABIATAE/,LABIATAE
frynn.com,http://frynn.com/tag/LAURACEAE/,LAURACEAE
frynn.com,http://frynn.com/tag/LECYTHIDACEAE/,LECYTHIDACEAE
frynn.com,http://frynn.com/tag/BARRINGTONIACEAE/,BARRINGTONIACEAE
frynn.com,http://frynn.com/tag/LOGANIACEAE/,LOGANIACEAE
frynn.com,http://frynn.com/tag/STRYCHNACEAE/,STRYCHNACEAE
frynn.com,http://frynn.com/tag/LYGODIACEAE/,LYGODIACEAE
frynn.com,http://frynn.com/tag/LYTHRACEAE/,LYTHRACEAE
frynn.com,http://frynn.com/tag/MAGNOLIACEAE/,MAGNOLIACEAE
frynn.com,http://frynn.com/tag/MALPIGHIACEAE/,MALPIGHIACEAE
frynn.com,http://frynn.com/tag/MALVACEAE/,MALVACEAE
frynn.com,http://frynn.com/tag/BOMBACOIDEAE/,BOMBACOIDEAE
frynn.com,http://frynn.com/tag/GREWIOIDEAE/,GREWIOIDEAE
frynn.com,http://frynn.com/tag/MALVOIDEAE/,MALVOIDEAE
frynn.com,http://frynn.com/tag/STERCULIOIDEAE/,STERCULIOIDEAE
frynn.com,http://frynn.com/tag/MARANTACEAE/,MARANTACEAE
frynn.com,http://frynn.com/tag/MARATTIACEAE/,MARATTIACEAE
frynn.com,http://frynn.com/tag/MARSILEACEAE/,MARSILEACEAE
frynn.com,http://frynn.com/tag/MELASTOMATACEAE/,MELASTOMATACEAE
frynn.com,http://frynn.com/tag/MELIACEAE/,MELIACEAE
frynn.com,http://frynn.com/tag/MENISPERMACEAE/,MENISPERMACEAE
frynn.com,http://frynn.com/tag/MOLLUGINACEAE/,MOLLUGINACEAE
frynn.com,http://frynn.com/tag/MORACEAE/,MORACEAE
frynn.com,http://frynn.com/tag/MORINGACEAE/,MORINGACEAE
frynn.com,http://frynn.com/tag/MUNTINGIACEAE/,MUNTINGIACEAE
frynn.com,http://frynn.com/tag/MUSACEAE/,MUSACEAE
frynn.com,http://frynn.com/tag/MYRISTICACEAE/,MYRISTICACEAE
frynn.com,http://frynn.com/tag/MYRTACEAE/,MYRTACEAE
frynn.com,http://frynn.com/tag/NELUMBONACEAE/,NELUMBONACEAE
frynn.com,http://frynn.com/tag/NYCTAGINACEAE/,NYCTAGINACEAE
frynn.com,http://frynn.com/tag/NYMPHAEACEAE/,NYMPHAEACEAE
frynn.com,http://frynn.com/tag/OCHNACEAE/,OCHNACEAE
frynn.com,http://frynn.com/tag/OLACACEAE/,OLACACEAE
frynn.com,http://frynn.com/tag/OLEACEAE/,OLEACEAE
frynn.com,http://frynn.com/tag/ONAGRACEAE/,ONAGRACEAE
frynn.com,http://frynn.com/tag/OPILIACEAE/,OPILIACEAE
frynn.com,http://frynn.com/tag/ORCHIDACEAE/,ORCHIDACEAE
frynn.com,http://frynn.com/tag/EPIDENDROIDEAE/,EPIDENDROIDEAE
frynn.com,http://frynn.com/tag/OROBANCHACEAE/,OROBANCHACEAE
frynn.com,http://frynn.com/tag/OXALIDACEAE/,OXALIDACEAE
frynn.com,http://frynn.com/tag/PANDANACEAE/,PANDANACEAE
frynn.com,http://frynn.com/tag/RANUNCULACEAE/,RANUNCULACEAE
frynn.com,http://frynn.com/tag/PASSIFLORACEAE/,PASSIFLORACEAE
frynn.com,http://frynn.com/tag/PEDALIACEAE/,PEDALIACEAE
frynn.com,http://frynn.com/tag/PENTAPHYLACACEAE/,PENTAPHYLACACEAE
frynn.com,http://frynn.com/tag/PHYLLANTHACEAE/,PHYLLANTHACEAE
frynn.com,http://frynn.com/tag/PINACEAE/,PINACEAE
frynn.com,http://frynn.com/tag/PIPERACEAE/,PIPERACEAE
frynn.com,http://frynn.com/tag/PLANTAGINACEAE/,PLANTAGINACEAE
frynn.com,http://frynn.com/tag/PLUMBAGINACEAE/,PLUMBAGINACEAE
frynn.com,http://frynn.com/tag/POACEAE/,POACEAE
frynn.com,http://frynn.com/tag/GRAMINEAE/,GRAMINEAE
frynn.com,http://frynn.com/tag/PANICOIDEAE/,PANICOIDEAE
frynn.com,http://frynn.com/tag/POLYGALACEAE/,POLYGALACEAE
frynn.com,http://frynn.com/tag/POLYGONACEAE/,POLYGONACEAE
frynn.com,http://frynn.com/tag/POLYPODIACEAE/,POLYPODIACEAE
frynn.com,http://frynn.com/tag/PONTEDERIACEAE/,PONTEDERIACEAE
frynn.com,http://frynn.com/tag/PORTULACACEAE/,PORTULACACEAE
frynn.com,http://frynn.com/tag/PRIMULACEAE/,PRIMULACEAE
frynn.com,http://frynn.com/tag/MYRSINACEAE/,MYRSINACEAE
frynn.com,http://frynn.com/tag/RHAMNACEAE/,RHAMNACEAE
frynn.com,http://frynn.com/tag/RHIZOPHORACEAE/,RHIZOPHORACEAE
frynn.com,http://frynn.com/tag/ROSACEAE/,ROSACEAE
frynn.com,http://frynn.com/tag/MALOIDEAE/,MALOIDEAE
frynn.com,http://frynn.com/tag/SPIRAEOIDEAE/,SPIRAEOIDEAE
frynn.com,http://frynn.com/tag/RUBIACEAE/,RUBIACEAE
frynn.com,http://frynn.com/tag/RUTACEAE/,RUTACEAE
frynn.com,http://frynn.com/tag/AURANTIOIDEAE/,AURANTIOIDEAE
frynn.com,http://frynn.com/tag/SALICACEAE/,SALICACEAE
frynn.com,http://frynn.com/tag/SANTALACEAE/,SANTALACEAE
frynn.com,http://frynn.com/tag/SAPINDACEAE/,SAPINDACEAE
frynn.com,http://frynn.com/tag/SAPOTACEAE/,SAPOTACEAE
frynn.com,http://frynn.com/tag/SAURURACEAE/,SAURURACEAE
frynn.com,http://frynn.com/tag/SAXIFRAGACEAE/,SAXIFRAGACEAE
frynn.com,http://frynn.com/tag/SCHISANDRACEAE/,SCHISANDRACEAE
frynn.com,http://frynn.com/tag/SCROPHULARIACEAE/,SCROPHULARIACEAE
frynn.com,http://frynn.com/tag/SIMAROUBACEAE/,SIMAROUBACEAE
frynn.com,http://frynn.com/tag/SMILACACEAE/,SMILACACEAE
frynn.com,http://frynn.com/tag/SOLANACEAE/,SOLANACEAE
frynn.com,http://frynn.com/tag/STEMONACEAE/,STEMONACEAE
frynn.com,http://frynn.com/tag/STERCULIACEAE/,STERCULIACEAE
frynn.com,http://frynn.com/tag/HELICTEROIDEAE/,HELICTEROIDEAE
frynn.com,http://frynn.com/tag/STYRACACEAE/,STYRACACEAE
frynn.com,http://frynn.com/tag/TALINACEAE/,TALINACEAE
frynn.com,http://frynn.com/tag/THEACEAE/,THEACEAE
frynn.com,http://frynn.com/tag/THYMELAEACEAE/,THYMELAEACEAE
frynn.com,http://frynn.com/tag/TYPHACEAE/,TYPHACEAE
frynn.com,http://frynn.com/tag/URTICACEAE/,URTICACEAE
frynn.com,http://frynn.com/tag/CECROPIACEAE/,CECROPIACEAE
frynn.com,http://frynn.com/tag/VERBENACEAE/,VERBENACEAE
frynn.com,http://frynn.com/tag/VITACEAE/,VITACEAE
frynn.com,http://frynn.com/tag/XANTHORRHOEACEAE/,XANTHORRHOEACEAE
frynn.com,http://frynn.com/tag/ASPHODELOIDEAE/,ASPHODELOIDEAE
frynn.com,http://frynn.com/tag/ZINGIBERACEAE/,ZINGIBERACEAE
frynn.com,http://frynn.com/tag/ZYGOPHYLLACEAEA/,ZYGOPHYLLACEAEA
frynn.com,http://frynn.com/about/,About Us
frynn.com,http://frynn.com/contact/,Contact Us
frynn.com,http://frynn.com/terms/,Terms & Privacy
frynn.com,http://frynn.com/health/,สาระสุขภาพ
frynn.com,http://frynn.com/health/addictions/,การเสพติด
frynn.com,http://frynn.com/oral-health/,สุขภาพช่องปาก
frynn.com,http://frynn.com/skin-problems-and-treatments/,ปัญหาผิว
frynn.com,http://frynn.com/mind-and-body/,ร่างกายและจิตใจ
frynn.com,http://frynn.com/family-pregnancy/,ครอบครัวและการตั้งครรภ์
frynn.com,http://frynn.com/family-pregnancy/sex-and-relationships/,เซ็กส์และความสัมพันธ์
frynn.com,http://frynn.com/weight-loss/,วิธีลดน้ำหนัก & ความอ้วน
frynn.com,http://frynn.com/beauty/,ความสวย ความงาม
frynn.com,http://frynn.com/bright-skin/,วิธีทำให้ผิวขาว
frynn.com,http://frynn.com/clear-spots/,วิธีรักษาสิว ฝ้า กระ
frynn.com,http://frynn.com/cosmetics/,ทิปเครื่องสำอาง
frynn.com,http://frynn.com/herb/,สมุนไพร
frynn.com,http://frynn.com/%e0%b8%a3%e0%b8%b2%e0%b8%a2%e0%b8%8a%e0%b8%b7%e0%b9%88%e0%b8%ad%e0%b8%aa%e0%b8%a1%e0%b8%b8%e0%b8%99%e0%b9%84%e0%b8%9e%e0%b8%a3/,รายชื่อสมุนไพร ก-ฮ
frynn.com,http://frynn.com/vegetable/,ผัก
frynn.com,http://frynn.com/fruit/,ผลไม้
frynn.com,http://frynn.com/nutrient/,วิตามินและแร่ธาตุ
hot.frynn.com,http://hot.frynn.com,Lifestyle
frynn.com,http://frynn.com/about/,เกี่ยวกับเรา
frynn.com,http://frynn.com/terms/,เงื่อนไขและนโยบาย
frynn.com,http://frynn.com/contact/,ติดต่อสอบถาม
frynn.com,http://frynn.com/หญ้ากกดอกขาว/,กกดอกขาว
frynn.com,http://frynn.com/กกลังกา/,กกลังกา
frynn.com,http://frynn.com/กกอียิปต์/,กกอียิปต์
frynn.com,http://frynn.com/ก้นจ้ำ/,ก้นจ้ำ
frynn.com,http://frynn.com/กรดน้ำ/,กรดน้ำ
frynn.com,http://frynn.com/กรรณิการ์/,กรรณิการ์
frynn.com,http://frynn.com/กรวย/,กรวย
frynn.com,http://frynn.com/กรวยป่า/,กรวยป่า
frynn.com,http://frynn.com/กระจับนก/,กระจับนก
frynn.com,http://frynn.com/กระเจี๊ยบเขียว/,กระเจี๊ยบเขียว
frynn.com,http://frynn.com/กระเจี๊ยบแดง/,กระเจี๊ยบแดง
frynn.com,http://frynn.com/กระเจียวขาว/,กระเจียวขาว
frynn.com,http://frynn.com/กระเจียวแดง/,กระเจียวแดง
frynn.com,http://frynn.com/กระแจะ/,กระแจะ
frynn.com,http://frynn.com/กระชับ/,กระชับ
frynn.com,http://frynn.com/กระชาย/,กระชาย
frynn.com,http://frynn.com/กระชายดำ/,กระชายดำ
frynn.com,http://frynn.com/กระชายแดง/,กระชายแดง
frynn.com,http://frynn.com/กระเช้าผีมด/,กระเช้าผีมด
frynn.com,http://frynn.com/กระดอม/,กระดอม
frynn.com,http://frynn.com/กระดังงา/,กระดังงาไทย
frynn.com,http://frynn.com/กระดังงาสงขลา/,กระดังงาสงขลา
frynn.com,http://frynn.com/กระดาด/,กระดาด
frynn.com,http://frynn.com/กระดึงช้างเผือก/,กระดึงช้างเผือก
frynn.com,http://frynn.com/กระดูกไก่/,กระดูกไก่
frynn.com,http://frynn.com/กระดูกไก่ขาว/,กระดูกไก่ขาว
frynn.com,http://frynn.com/กระดูกไก่ดำ/,กระดูกไก่ดำ
frynn.com,http://frynn.com/กระโดน/,กระโดน
frynn.com,http://frynn.com/กระไดลิง/,กระไดลิง
frynn.com,http://frynn.com/กระต่ายจันทร์/,กระต่ายจันทร์
frynn.com,http://frynn.com/กระต่ายจาม/,กระต่ายจาม
frynn.com,http://frynn.com/กระแตไต่ไม้/,กระแตไต่ไม้
frynn.com,http://frynn.com/กระแตไต่หิน/,กระแตไต่หิน
frynn.com,http://frynn.com/กระถินไทย/,กระถิน
frynn.com,http://frynn.com/กระถินเทศ/,กระถินเทศ
frynn.com,http://frynn.com/กระทงลาย/,กระทงลาย
frynn.com,http://frynn.com/กระท้อน/,กระท้อน
frynn.com,http://frynn.com/กระทาดง/,กระทาดง
frynn.com,http://frynn.com/กระทิง/,กระทิง
frynn.com,http://frynn.com/กระทืบยอด/,กระทืบยอด
frynn.com,http://frynn.com/กระทือ/,กระทือ
frynn.com,http://frynn.com/กระทุงหมาบ้า/,กระทุงหมาบ้า
frynn.com,http://frynn.com/กระทุ่ม/,กระทุ่ม
frynn.com,http://frynn.com/กระทุ่มนา/,กระทุ่มนา
frynn.com,http://frynn.com/กระเทียม/,กระเทียม
frynn.com,http://frynn.com/กระบก/,กระบก
frynn.com,http://frynn.com/กระบือเจ็ดตัว/,กระบือเจ็ดตัว
frynn.com,http://frynn.com/กระเบา/,กระเบา
frynn.com,http://frynn.com/กระเบากลัก/,กระเบากลัก
frynn.com,http://frynn.com/กระเบียน/,กระเบียน
frynn.com,http://frynn.com/กระพังโหม/,กระพังโหม
frynn.com,http://frynn.com/กระพี้เครือ/,กระพี้เครือ
frynn.com,http://frynn.com/กระวานไทย/,กระวาน
frynn.com,http://frynn.com/กระวานเทศ/,กระวานเทศ
frynn.com,http://frynn.com/กระวานป่า/,กระวานป่า
frynn.com,http://frynn.com/กระสัง/,กระสัง
frynn.com,http://frynn.com/นิโครธ/,กร่าง
frynn.com,http://frynn.com/กรามช้าง/,กรามช้าง
frynn.com,http://frynn.com/กรุงเขมา/,กรุงเขมา
frynn.com,http://frynn.com/ไม้กฤษณา/,กฤษณา
frynn.com,http://frynn.com/กล้วย/,กล้วย
frynn.com,http://frynn.com/กล้วยค่าง/,กล้วยค่าง
frynn.com,http://frynn.com/กล้วยเต่า/,กล้วยเต่า
frynn.com,http://frynn.com/กล้วยนวล/,กล้วยนวล
frynn.com,http://frynn.com/กล้วยบัวสีชมพู/,กล้วยบัวสีชมพู
frynn.com,http://frynn.com/กล้วยหมูสัง/,กล้วยหมูสัง
frynn.com,http://frynn.com/กลาย/,กลาย
frynn.com,http://frynn.com/กลึงกล่อม/,กลึงกล่อม
frynn.com,http://frynn.com/กวาวเครือขาว/,กวาวเครือขาว
frynn.com,http://frynn.com/กวาวเครือแดง/,กวาวเครือแดง
frynn.com,http://frynn.com/กอมก้อห้วย/,กอมก้อห้วย
frynn.com,http://frynn.com/กอมขม/,กอมขม
frynn.com,http://frynn.com/ก่อสร้อย/,ก่อสร้อย
frynn.com,http://frynn.com/กะเจียน/,กะเจียน
frynn.com,http://frynn.com/กะตังใบ/,กะตังใบ
frynn.com,http://frynn.com/กะทกรก/,กะทกรก
frynn.com,http://frynn.com/กะทือพิลาส/,กะทือพิลาส
frynn.com,http://frynn.com/กะพวมมะพร้าว/,กะพวมมะพร้าว
frynn.com,http://frynn.com/กะเพรา/,กะเพรา
frynn.com,http://frynn.com/กะเม็งตัวเมีย/,กะเม็ง
frynn.com,http://frynn.com/กะเม็งตัวผู้/,กะเม็งตัวผู้
frynn.com,http://frynn.com/กะเรกะร่อน/,กะเรกะร่อน
frynn.com,http://frynn.com/กะหนานปลิง/,กะหนานปลิง
frynn.com,http://frynn.com/กะหล่ำปลี/,กะหล่ำปลี
frynn.com,http://frynn.com/กัญชง/,กัญชง
frynn.com,http://frynn.com/กัญชา/,กัญชา
frynn.com,http://frynn.com/กัญชาเทศ/,กัญชาเทศ
frynn.com,http://frynn.com/กัดลิ้น/,กัดลิ้น
frynn.com,http://frynn.com/กันเกรา/,กันเกรา
frynn.com,http://frynn.com/กัลปพฤกษ์/,กัลปพฤกษ์
frynn.com,http://frynn.com/กากหมากตาฤาษี/,กากหมากตาฤาษี
frynn.com,http://frynn.com/กางขี้มอด/,กางขี้มอด
frynn.com,http://frynn.com/ก้างปลาเครือ/,ก้างปลาเครือ
frynn.com,http://frynn.com/กานพลู/,กานพลู
frynn.com,http://frynn.com/กาแฟ/,กาแฟ
frynn.com,http://frynn.com/ก้ามปูหลุด/,ก้ามปูหลุด
frynn.com,http://frynn.com/การบูร/,การบูร
frynn.com,http://frynn.com/การะเกด/,การะเกด
frynn.com,http://frynn.com/กาสามปีก/,กาสามปีก
frynn.com,http://frynn.com/กาหลง/,กาหลง
frynn.com,http://frynn.com/กาฬพฤกษ์/,กาฬพฤกษ์
frynn.com,http://frynn.com/กำจัดดอย/,กำจัดดอย
frynn.com,http://frynn.com/กำจัดหน่วย/,กำจัดหน่วย
frynn.com,http://frynn.com/กำจาย/,กำจาย
frynn.com,http://frynn.com/กำแพงเจ็ดชั้น/,กำแพงเจ็ดชั้น
frynn.com,http://frynn.com/กำยาน/,กำยาน
frynn.com,http://frynn.com/กำลังควายถึก/,กำลังควายถึก
frynn.com,http://frynn.com/กำลังพญาเสือโคร่ง/,กำลังพญาเสือโคร่ง
frynn.com,http://frynn.com/กำลังเสือโคร่ง/,กำลังเสือโคร่ง
frynn.com,http://frynn.com/กินกุ้งน้อย/,กินกุ้งน้อย
frynn.com,http://frynn.com/กุ่มน้ำ/,กุ่มน้ำ
frynn.com,http://frynn.com/กุ่มบก/,กุ่มบก
frynn.com,http://frynn.com/กุยช่าย/,กุยช่าย
frynn.com,http://frynn.com/กุหลาบมอญ/,กุหลาบมอญ
frynn.com,http://frynn.com/กูดพร้าว/,กูดพร้าว
frynn.com,http://frynn.com/เกล็ดนาคราช/,เกล็ดนาคราช
frynn.com,http://frynn.com/เกล็ดปลา/,เกล็ดปลา
frynn.com,http://frynn.com/เกล็ดปลาช่อน/,เกล็ดปลาช่อน
frynn.com,http://frynn.com/เกล็ดมังกร/,เกล็ดมังกร
frynn.com,http://frynn.com/แก่นตะวัน/,แก่นตะวัน
frynn.com,http://frynn.com/แก้มขาว/,แก้มขาว
frynn.com,http://frynn.com/แกแล/,แกแล
frynn.com,http://frynn.com/แก้ว/,แก้ว
frynn.com,http://frynn.com/แก้วลืมวาง/,แก้วลืมวาง
frynn.com,http://frynn.com/โกโก้/,โกโก้
frynn.com,http://frynn.com/โกงกางเขา/,โกงกางเขา
frynn.com,http://frynn.com/โกงกางบก/,โกงกางบก
frynn.com,http://frynn.com/โกงกางใบเล็ก/,โกงกางใบเล็ก
frynn.com,http://frynn.com/โกงกางใบใหญ่/,โกงกางใบใหญ่
frynn.com,http://frynn.com/โกฐกระดูก/,โกฐกระดูก
frynn.com,http://frynn.com/โกฐก้านพร้าว/,โกฐก้านพร้าว
frynn.com,http://frynn.com/โกฐเขมา/,โกฐเขมา
frynn.com,http://frynn.com/โกฐจุฬาลัมพา/,โกฐจุฬาลัมพา
frynn.com,http://frynn.com/โกฐชฎามังสี/,โกฐชฎามังษี
frynn.com,http://frynn.com/โกฐน้ำเต้า/,โกฐน้ำเต้า
frynn.com,http://frynn.com/โกฐพุงปลา/,โกฐพุงปลา
frynn.com,http://frynn.com/โกฐสอ/,โกฐสอ
frynn.com,http://frynn.com/โกฐหัวบัว/,โกฐหัวบัว
frynn.com,http://frynn.com/ไกร/,ไกร
frynn.com,http://frynn.com/ขจร/,ขจร
frynn.com,http://frynn.com/ขนุน/,ขนุน
frynn.com,http://frynn.com/ขมิ้นชัน/,ขมิ้น
frynn.com,http://frynn.com/ขมิ้นเครือ/,ขมิ้นเครือ
frynn.com,http://frynn.com/ขมิ้นอ้อย/,ขมิ้นอ้อย
frynn.com,http://frynn.com/ขยุ้มตีนหมา/,ขยุ้มตีนหมา
frynn.com,http://frynn.com/ขลู่/,ขลู่
frynn.com,http://frynn.com/ผักขวง/,ขวง
frynn.com,http://frynn.com/ขอบชะนาง/,ขอบชะนาง
frynn.com,http://frynn.com/ข่อย/,ข่อย
frynn.com,http://frynn.com/ข่อยหยอง/,ข่อยหยอง
frynn.com,http://frynn.com/ขันทองพยาบาท/,ขันทองพยาบาท
frynn.com,http://frynn.com/ขางครั่ง/,ขางครั่ง
frynn.com,http://frynn.com/ขางคันนา/,ขางคันนา
frynn.com,http://frynn.com/ขางน้ำผึ้ง/,ขางน้ำผึ้ง
frynn.com,http://frynn.com/ข่า/,ข่า
frynn.com,http://frynn.com/ข่าตาแดง/,ข่าตาแดง
frynn.com,http://frynn.com/ข้าว/,ข้าว
frynn.com,http://frynn.com/ข้าวต้ม/,ข้าวต้ม
frynn.com,http://frynn.com/ข้าวโพด/,ข้าวโพด
frynn.com,http://frynn.com/ข้าวฟ่างสมุทรโคดม/,ข้าวฟ่าง
frynn.com,http://frynn.com/ข้าวเม่านก/,ข้าวเม่านก
frynn.com,http://frynn.com/ข้าวเย็นใต้/,ข้าวเย็นใต้
frynn.com,http://frynn.com/ข้าวเย็นเหนือ/,ข้าวเย็นเหนือ
frynn.com,http://frynn.com/ข้าวสารค่าง/,ข้าวสารค่าง
frynn.com,http://frynn.com/ข้าวสารดอกเล็ก/,ข้าวสารดอกเล็ก
frynn.com,http://frynn.com/ข้าวสารดอกใหญ่/,ข้าวสารดอกใหญ่
frynn.com,http://frynn.com/ข้าวสารป่า/,ข้าวสารป่า
frynn.com,http://frynn.com/ข้าวสารหลวง/,ข้าวสารหลวง
frynn.com,http://frynn.com/ข้าวสาลี/,ข้าวสาลี
frynn.com,http://frynn.com/ข้าวโอ๊ต/,ข้าวโอ๊ต
frynn.com,http://frynn.com/ขิง/,ขิง
frynn.com,http://frynn.com/ขี้กาเทศ/,ขี้กาเทศ
frynn.com,http://frynn.com/ขี้ไก่ย่าน/,ขี้ไก่ย่าน
frynn.com,http://frynn.com/ขี้ครอก/,ขี้ครอก
frynn.com,http://frynn.com/ขี้หนอน/,ขี้หนอน
frynn.com,http://frynn.com/ขี้เหล็ก/,ขี้เหล็ก
frynn.com,http://frynn.com/ขี้เหล็กเทศ/,ขี้เหล็กเทศ
frynn.com,http://frynn.com/ขี้เหล็กเลือด/,ขี้เหล็กเลือด
frynn.com,http://frynn.com/ขี้อ้าย/,ขี้อ้าย
frynn.com,http://frynn.com/ขี้อ้ายดง/,ขี้อ้ายดง
frynn.com,http://frynn.com/ขึ้นฉ่าย/,ขึ้นฉ่าย
frynn.com,http://frynn.com/เข็มขาว/,เข็มขาว
frynn.com,http://frynn.com/เข็มแดง/,เข็มแดง
frynn.com,http://frynn.com/เข็มป่า/,เข็มป่า
frynn.com,http://frynn.com/เข็มตาไก่/,เข็มป่า
frynn.com,http://frynn.com/เข็มม่วง/,เข็มม่วง
frynn.com,http://frynn.com/เข็มเศรษฐี/,เข็มเศรษฐี
frynn.com,http://frynn.com/เขยตาย/,เขยตาย
frynn.com,http://frynn.com/เขียวหมื่นปี/,เขียวหมื่นปี
frynn.com,http://frynn.com/แข้งกวางดง/,แข้งกวางดง
frynn.com,http://frynn.com/ไข่เน่า/,ไข่เน่า
frynn.com,http://frynn.com/คงคาเดือด/,คงคาเดือด
frynn.com,http://frynn.com/คดสัง/,คดสัง
frynn.com,http://frynn.com/คนทา/,คนทา
frynn.com,http://frynn.com/คนทีเขมา/,คนทีเขมา
frynn.com,http://frynn.com/คนทีสอ/,คนทีสอ
frynn.com,http://frynn.com/คนทีสอทะเล/,คนทีสอทะเล
frynn.com,http://frynn.com/ครอบฟันสี/,ครอบฟันสี
frynn.com,http://frynn.com/คราม/,คราม
frynn.com,http://frynn.com/ครามใหญ่/,ครามใหญ่
frynn.com,http://frynn.com/คล้า/,คล้า
frynn.com,http://frynn.com/คว่ำตายหงายเป็น/,คว่ำตายหงายเป็น
frynn.com,http://frynn.com/ควินิน/,ควินิน
frynn.com,http://frynn.com/คอนสวรรค์/,คอนสวรรค์
frynn.com,http://frynn.com/ค้อนหมาขาว/,ค้อนหมาขาว
frynn.com,http://frynn.com/คอแลน/,คอแลน
frynn.com,http://frynn.com/คัดเค้า/,คัดเค้า
frynn.com,http://frynn.com/คันทรง/,คันทรง
frynn.com,http://frynn.com/ต้นคาง/,คาง
frynn.com,http://frynn.com/ค่าหด/,ค่าหด
frynn.com,http://frynn.com/คำเตี้ย/,คำเตี้ย
frynn.com,http://frynn.com/คำไทย/,คำไทย
frynn.com,http://frynn.com/ดอกคำฝอย/,คำฝอย
frynn.com,http://frynn.com/คำมอกหลวง/,คำมอกหลวง
frynn.com,http://frynn.com/คำรอก/,คำรอก
frynn.com,http://frynn.com/คำแสด/,คำแสด
frynn.com,http://frynn.com/คุย/,คุย
frynn.com,http://frynn.com/เครือเขาคำ/,เครือเขาคำ
frynn.com,http://frynn.com/เครือโงบ/,เครือโงบ
frynn.com,http://frynn.com/เครือปลาสงแดง/,เครือปลาสงแดง
frynn.com,http://frynn.com/เครือพูเงิน/,เครือพูเงิน
frynn.com,http://frynn.com/เครือออน/,เครือออน
frynn.com,http://frynn.com/ต้นเคี่ยม/,เคี่ยม
frynn.com,http://frynn.com/ดอกแค/,แค
frynn.com,http://frynn.com/แคทะเล/,แคทะเล
frynn.com,http://frynn.com/แคนา/,แคนา
frynn.com,http://frynn.com/แครอท/,แครอท
frynn.com,http://frynn.com/แคแสด/,แคแสด
frynn.com,http://frynn.com/แคหัวหมู/,แคหัวหมู
frynn.com,http://frynn.com/แคหางค่าง/,แคหางค่าง
frynn.com,http://frynn.com/แคหางค่าง-แคเขา/,แคหางค่าง
frynn.com,http://frynn.com/แคหิน/,แคหิน
frynn.com,http://frynn.com/โคกกระสุน/,โคกกระสุน
frynn.com,http://frynn.com/โคกกระออม/,โคกกระออม
frynn.com,http://frynn.com/ต้นโคคลาน/#T,โคคลาน
frynn.com,http://frynn.com/ต้นโคคลาน/#T-5,โคคลาน
frynn.com,http://frynn.com/โคคา/,โคคา
frynn.com,http://frynn.com/โคลงเคลง/,โคลงเคลง
frynn.com,http://frynn.com/โคลงเคลงขน/,โคลงเคลงขน
frynn.com,http://frynn.com/ไคร้น้ำ/,ไคร้น้ำ
frynn.com,http://frynn.com/ฆ้องสามย่าน/,ฆ้องสามย่าน
frynn.com,http://frynn.com/งัวเลีย/,งัวเลีย
frynn.com,http://frynn.com/งาดำ/,งา
frynn.com,http://frynn.com/งาขี้ม้อน/,งาขี้ม้อน
frynn.com,http://frynn.com/งิ้ว/,งิ้ว
frynn.com,http://frynn.com/งิ้วป่า/,งิ้วป่า
frynn.com,http://frynn.com/เงาะ/,เงาะ
frynn.com,http://frynn.com/จมูกปลาหลด/,จมูกปลาหลด
frynn.com,http://frynn.com/จอก/,จอก
frynn.com,http://frynn.com/จักรนารายณ์/,จักรนารายณ์
frynn.com,http://frynn.com/จันทน์กะพ้อ/,จันทน์กะพ้อ
frynn.com,http://frynn.com/จันทน์เทศ/,จันทน์เทศ
frynn.com,http://frynn.com/จันทน์ผา/,จันผา
frynn.com,http://frynn.com/จันทนา/,จันทนา
frynn.com,http://frynn.com/จาก/,จาก
frynn.com,http://frynn.com/จำปา/,จำปา
frynn.com,http://frynn.com/จำปี/,จำปี
frynn.com,http://frynn.com/จิกทะเล/,จิกทะเล
frynn.com,http://frynn.com/จิกนม/,จิกนม
frynn.com,http://frynn.com/จิกน้ำ/,จิกน้ำ
frynn.com,http://frynn.com/จิกสวน/,จิกสวน
frynn.com,http://frynn.com/จิงจ้อเหลืองอ่อน/,จิงจ้อเหลืองอ่อน
frynn.com,http://frynn.com/จุกโรหินี/,จุกโรหินี
frynn.com,http://frynn.com/เจ็ดช้างสารใหญ่/,เจ็ดช้างสารใหญ่
frynn.com,http://frynn.com/เจตพังคี/,เจตพังคี
frynn.com,http://frynn.com/เจตมูลเพลิงขาว/,เจตมูลเพลิงขาว
frynn.com,http://frynn.com/เจตมูลเพลิงแดง/,เจตมูลเพลิงแดง
frynn.com,http://frynn.com/เจียวกู่หลาน/,เจียวกู่หลาน
frynn.com,http://frynn.com/แจง/,แจง
frynn.com,http://frynn.com/ฉัตรทอง/,ฉัตรทอง
frynn.com,http://frynn.com/ฉัตรพระอินทร์/,ฉัตรพระอินทร์
frynn.com,http://frynn.com/เฉียงพร้านางแอ/,เฉียงพร้านางแอ
frynn.com,http://frynn.com/ชงโค/,ชงโค
frynn.com,http://frynn.com/ชงโคขาว/,ชงโคขาว
frynn.com,http://frynn.com/ดอกชบา/,ชบา
frynn.com,http://frynn.com/ชมพู่น้ำดอกไม้/,ชมพู่น้ำดอกไม้
frynn.com,http://frynn.com/ชมพูพวง/,ชมพูพวง
frynn.com,http://frynn.com/ช้อยนางรำ/,ช้อยนางรำ
frynn.com,http://frynn.com/ชะพลู/,ชะพลู
frynn.com,http://frynn.com/ชะพลูป่า/,ชะพลูป่า
frynn.com,http://frynn.com/ชะมดต้น/,ชะมดต้น
frynn.com,http://frynn.com/ชะมวง/,ชะมวง
frynn.com,http://frynn.com/ชะลูด/,ชะลูด
frynn.com,http://frynn.com/ชะอม/,ชะอม
frynn.com,http://frynn.com/ชะเอมเทศ/,ชะเอมเทศ
frynn.com,http://frynn.com/ชะเอมไทย/,ชะเอมไทย
frynn.com,http://frynn.com/ชัยพฤกษ์/,ชัยพฤกษ์
frynn.com,http://frynn.com/ชา/,ชา
frynn.com,http://frynn.com/ชาข่อย/,ชาข่อย
frynn.com,http://frynn.com/ช้างงาเดียว/,ช้างงาเดียว
frynn.com,http://frynn.com/ช้างน้าว/,ช้างน้าว
frynn.com,http://frynn.com/ช้าแป้น/,ช้าแป้น
frynn.com,http://frynn.com/ชายผ้าสีดา/,ชายผ้าสีดา
frynn.com,http://frynn.com/ชำมะนาดเล็ก/,ชำมะนาดเล็ก
frynn.com,http://frynn.com/ชำมะเลียง/,ชำมะเลียง
frynn.com,http://frynn.com/ชิงช้าชาลี/,ชิงช้าชาลี
frynn.com,http://frynn.com/ชิงชี่/,ชิงชี่
frynn.com,http://frynn.com/ชิงเฮา/,ชิงเฮา
frynn.com,http://frynn.com/ชุมเห็ดจีน/,ชุมเห็ดจีน
frynn.com,http://frynn.com/ชุมเห็ดเทศ/,ชุมเห็ดเทศ
frynn.com,http://frynn.com/ชุมเห็ดไทย/,ชุมเห็ดไทย
frynn.com,http://frynn.com/ซ้อ/,ซ้อ
frynn.com,http://frynn.com/ซองแมว/,ซองแมว
frynn.com,http://frynn.com/ทองแมว/,ทองแมว
frynn.com,http://frynn.com/ซ้องแมว/,ซ้องแมว
frynn.com,http://frynn.com/ซาก/,ซาก
frynn.com,http://frynn.com/ดอกกระดาษ/,ดอกกระดาษ
frynn.com,http://frynn.com/ดอกดินแดง/,ดอกดิน
frynn.com,http://frynn.com/ดองดึง/,ดองดึง
frynn.com,http://frynn.com/ดาดตะกั่ว/,ดาดตะกั่ว
frynn.com,http://frynn.com/ดาดตะกั่วเถา/,ดาดตะกั่วเถา
frynn.com,http://frynn.com/ดาวกระจาย/,ดาวกระจาย
frynn.com,http://frynn.com/ดาวเรือง/,ดาวเรือง
frynn.com,http://frynn.com/ดาวเรืองฝรั่ง/,ดาวเรืองฝรั่ง
frynn.com,http://frynn.com/ดีปลากั้ง/,ดีปลากั้ง
frynn.com,http://frynn.com/ดีปลี/,ดีปลี
frynn.com,http://frynn.com/ดีหมี/,ดีหมี
frynn.com,http://frynn.com/ดูกไก่ย่าน/,ดูกไก่ย่าน
frynn.com,http://frynn.com/เดื่อผา/,เดื่อผา
frynn.com,http://frynn.com/ลูกเดือย/,เดือย
frynn.com,http://frynn.com/เดื่อหว้า/,เดื่อหว้า
frynn.com,http://frynn.com/ต้นแดง/,แดง
frynn.com,http://frynn.com/โด่ไม่รู้ล้ม/,โด่ไม่รู่ล้ม
frynn.com,http://frynn.com/ตดหมูตดหมา/,ตดหมูตดหมา
frynn.com,http://frynn.com/หญ้าตองกง/,ตองกง
frynn.com,http://frynn.com/ตองแตก/,ตองแตก
frynn.com,http://frynn.com/ต้อยติ่ง/,ต้อยติ่ง
frynn.com,http://frynn.com/ตะโกนา/,ตะโกนา
frynn.com,http://frynn.com/ตะโกสวน/,ตะโกสวน
frynn.com,http://frynn.com/ตะขบไทย/,ตะขบไทย
frynn.com,http://frynn.com/ตะขบป่า/,ตะขบป่า
frynn.com,http://frynn.com/ตะขบฝรั่ง/,ตะขบฝรั่ง
frynn.com,http://frynn.com/ว่านตีนตะขาบ-ตะขาบหิน/,ตะขาบหิน
frynn.com,http://frynn.com/ตะคร้อ/,ตะคร้อ
frynn.com,http://frynn.com/ตะคร้ำ/,ตะคร้ำ
frynn.com,http://frynn.com/ตะค้านเล็ก/,ตะค้านเล็ก
frynn.com,http://frynn.com/ตะเคียนทอง/,ตะเคียนทอง
frynn.com,http://frynn.com/ตะไคร้/,ตะไคร้
frynn.com,http://frynn.com/ตะบา/,ตะบา
frynn.com,http://frynn.com/ตะบูนขาว/,ตะบูนขาว
frynn.com,http://frynn.com/ตะบูนดำ/,ตะบูนดำ
frynn.com,http://frynn.com/ตะแบก/,ตะแบก
frynn.com,http://frynn.com/ตะลิงปลิง/,ตะลิงปลิง
frynn.com,http://frynn.com/ตะลุมพุก/,ตะลุมพุก
frynn.com,http://frynn.com/ตังกุย/,ตังกุย
frynn.com,http://frynn.com/ตับเต่าต้น/,ตับเต่าต้น
frynn.com,http://frynn.com/ต้างใหญ่/,ต้างใหญ่
frynn.com,http://frynn.com/ตานฟัก/,ตานฟัก
frynn.com,http://frynn.com/ตานหม่อน/,ตานหม่อน
frynn.com,http://frynn.com/ตาเป็ดตาไก่/,ตาเป็ดตาไก่
frynn.com,http://frynn.com/ตาล/,ตาล
frynn.com,http://frynn.com/ตาลเดี่ยว/,ตาลเดี่ยว
frynn.com,http://frynn.com/ต้นตาว/,ตาว
frynn.com,http://frynn.com/ตาเสือ/,ตาเสือ
frynn.com,http://frynn.com/ตำแยตัวเมีย/,ตำแย
frynn.com,http://frynn.com/ตำแยแมว/,ตำแยแมว
frynn.com,http://frynn.com/ตำลึง/,ตำลึง
frynn.com,http://frynn.com/ติ่งตั่ง/,ติ่งตั่ง
frynn.com,http://frynn.com/ติ้วเกลี้ยง/,ติ้วเกลี้ยง
frynn.com,http://frynn.com/ติ้วขน/,ติ้วขน
frynn.com,http://frynn.com/ตีนตุ๊กแก/,ตีนตุ๊กแก
frynn.com,http://frynn.com/ตีนนก/,ตีนนก
frynn.com,http://frynn.com/ตีนเป็ดน้ำ/,ตีนเป็ดน้ำ
frynn.com,http://frynn.com/ตูมกาขาว/,ตูมกาขาว
frynn.com,http://frynn.com/เต็ง/,เต็ง
frynn.com,http://frynn.com/เต็งหนาม/,เต็งหนาม
frynn.com,http://frynn.com/ใบเตย/,เตย
frynn.com,http://frynn.com/เตยทะเล/,เตยทะเล
frynn.com,http://frynn.com/เต่าเกียด/,เต่าเกียด
frynn.com,http://frynn.com/เต่าร้างแดง/,เต่าร้างแดง
frynn.com,http://frynn.com/เติม/,เติม
frynn.com,http://frynn.com/แตงกวา/,แตงกวา
frynn.com,http://frynn.com/แตงไทย/,แตงไทย
frynn.com,http://frynn.com/แตงโม/,แตงโม
frynn.com,http://frynn.com/ถอบแถบ/,ถอบแถบ
frynn.com,http://frynn.com/ถอบแถบเครือ/,ถอบแคบเครือ
frynn.com,http://frynn.com/ถอบแถบน้ำ/,ถอบแถบน้ำ
frynn.com,http://frynn.com/ถั่วเขียว/,ถั่วเขียว
frynn.com,http://frynn.com/ถั่วงอก/,ถั่วงอก
frynn.com,http://frynn.com/ถั่วดำ/,ถั่วดำ
frynn.com,http://frynn.com/ถั่วแปบ/,ถั่วแปบ
frynn.com,http://frynn.com/ถั่วแปบช้าง/,ถั่วแปบช้าง
frynn.com,http://frynn.com/ถั่วฝักยาว/,ถั่วฝักยาว
frynn.com,http://frynn.com/ถั่วพู/,ถั่วพู
frynn.com,http://frynn.com/ถั่วราชมาด/,ถั่วราชมาด
frynn.com,http://frynn.com/ถั่วแระ/,ถั่วแระ
frynn.com,http://frynn.com/ถั่วลันเตา/,ถั่วลันเตา
frynn.com,http://frynn.com/ถั่วลิสง/,ถั่วลิสง
frynn.com,http://frynn.com/ถั่วเสี้ยนป่า/,ถั่วเสี้ยนป่า
frynn.com,http://frynn.com/ถั่วเหลือง/,ถั่วเหลือง
frynn.com,http://frynn.com/เถาคัน/,เถาคัน
frynn.com,http://frynn.com/เถาตดหมา/,เถาตดหมา
frynn.com,http://frynn.com/เถาประสงค์/,เถาประสงค์
frynn.com,http://frynn.com/เถาพันซ้าย/,เถาพันซ้าย
frynn.com,http://frynn.com/เถาวัลย์ปูน/,เถาวัลย์ปูน
frynn.com,http://frynn.com/เถาวัลย์เปรียง/,เถาวัลย์เปรียง
frynn.com,http://frynn.com/เถาเอ็นอ่อน/,เถาเอ็นอ่อน
frynn.com,http://frynn.com/ทรงบาดาล/,ทรงบาดาล
frynn.com,http://frynn.com/ลูกท้อ/,ท้อ
frynn.com,http://frynn.com/ทองกวาว/,ทองกวาว
frynn.com,http://frynn.com/ทองบ้าน/,ทองบ้าน
frynn.com,http://frynn.com/ทองพันชั่ง/,ทองพันชั่ง
frynn.com,http://frynn.com/ทองสามย่าน/,ทองสามย่าน
frynn.com,http://frynn.com/ทองหลางใบมน/,ทองหลางใบมน
frynn.com,http://frynn.com/ทองหลางป่า/,ทองหลางป่า
frynn.com,http://frynn.com/ทัน/,ทัน
frynn.com,http://frynn.com/ทับทิม/,ทับทิม
frynn.com,http://frynn.com/ทานตะวัน/,ทานตะวัน
frynn.com,http://frynn.com/ทิ้งถ่อน/,ทิ้งถ่อน
frynn.com,http://frynn.com/ทุ้งฟ้า/,ทุ้งฟ้า
frynn.com,http://frynn.com/ทุเรียน/,ทุเรียน
frynn.com,http://frynn.com/ทุเรียนน้ำ/,ทุเรียนเทศ
frynn.com,http://frynn.com/ข่าต้น/,เทพทาโร
frynn.com,http://frynn.com/เท้ายายม่อม/,เท้ายายม่อม
frynn.com,http://frynn.com/เทียนกิ่ง/,เทียนกิ่ง
frynn.com,http://frynn.com/เทียนเกล็ดหอย/,เทียนเกล็ดหอย
frynn.com,http://frynn.com/เทียนขาว/,เทียนขาว
frynn.com,http://frynn.com/เทียนข้าวเปลือก/,เทียนข้าวเปลือก
frynn.com,http://frynn.com/เทียนดอย/,เทียนดอย
frynn.com,http://frynn.com/เทียนดำ/,เทียนดำ
frynn.com,http://frynn.com/เทียนแดง/,เทียนแดง
frynn.com,http://frynn.com/เทียนตากบ/,เทียนตากบ
frynn.com,http://frynn.com/เทียนบ้าน/,เทียนบ้าน
frynn.com,http://frynn.com/เทียนเยาวพาณี/,เทียนเยาวพาณี
frynn.com,http://frynn.com/เทียนสัตตบุษย์/,เทียนสัตตบุษย์
frynn.com,http://frynn.com/เทียนหยด/,เทียนหยด
frynn.com,http://frynn.com/โทงเทงไทย/,โทงเทง
frynn.com,http://frynn.com/โทะ/,โทะ
frynn.com,http://frynn.com/ไทรย้อย/,ไทรย้อย
frynn.com,http://frynn.com/ธูปฤาษี/,ธูปฤาษี
frynn.com,http://frynn.com/นนทรี/,นนทรี
frynn.com,http://frynn.com/นมควาย/,นมควาย
frynn.com,http://frynn.com/นมช้าง/,นมช้าง
frynn.com,http://frynn.com/นมตำเลีย/,นมตำเลีย
frynn.com,http://frynn.com/น้ำเต้าน้อย/,นมแมว
frynn.com,http://frynn.com/นมแมวซ้อน/,นมแมวซ้อน
frynn.com,http://frynn.com/นมแมวป่า/,นมแมวป่า
frynn.com,http://frynn.com/นมสวรรค์/,นมสวรรค์
frynn.com,http://frynn.com/น้อยหน่า/,น้อยหน่า
frynn.com,http://frynn.com/น้อยโหน่ง/,น้อยโหน่ง
frynn.com,http://frynn.com/นาคราช/,นาคราช
frynn.com,http://frynn.com/นางจุ่ม/,นางจุ่ม
frynn.com,http://frynn.com/นางพญาเสือโคร่ง/,นางพญาเสือโคร่ง
frynn.com,http://frynn.com/นางแย้ม/,นางแย้ม
frynn.com,http://frynn.com/นางแย้มป่า/,นางแย้มป่า
frynn.com,http://frynn.com/น้ำใจใคร่/,น้ำใจใคร่
frynn.com,http://frynn.com/น้ำเต้า/,น้ำเต้า
frynn.com,http://frynn.com/น้ำเต้าต้น/,น้ำเต้าต้น
frynn.com,http://frynn.com/น้ำนมราชสีห์ใหญ่/,น้ำนมราชสีห์
frynn.com,http://frynn.com/น้ำนมราชสีห์เล็ก/,น้ำนมราชสีห์เล็ก
frynn.com,http://frynn.com/นิ้วมือพระนารายณ์/,นิ้วมือพระนารายณ์
frynn.com,http://frynn.com/นุ่น/,นุ่น
frynn.com,http://frynn.com/นูดพระ/,นูดพระ
frynn.com,http://frynn.com/เนระพูสีไทย/,เนระพูสีไทย
frynn.com,http://frynn.com/เนียมอ้ม/,เนียมอ้ม
frynn.com,http://frynn.com/โนรา/,โนรา
frynn.com,http://frynn.com/บวบขม/,บวบขม
frynn.com,http://frynn.com/บวบหอม/,บวบหอม
frynn.com,http://frynn.com/บวบเหลี่ยม/,บวบเหลี่ยม
frynn.com,http://frynn.com/บอน/,บอน
frynn.com,http://frynn.com/บอนแบ้ว/,บอนแบ้ว
frynn.com,http://frynn.com/บอนส้ม/,บอนส้ม
frynn.com,http://frynn.com/บอระเพ็ด/,บอระเพ็ด
frynn.com,http://frynn.com/บัวตอง/,บัวตอง
frynn.com,http://frynn.com/ใบบัวบก/,บัวบก
frynn.com,http://frynn.com/บัวผัน-บัวเผื่อน/,บัวเผื่อน
frynn.com,http://frynn.com/บัวสาย/,บัวสาย
frynn.com,http://frynn.com/บัวหลวง/,บัวหลวง
frynn.com,http://frynn.com/บัวหิมะ/,บัวหิมะ
frynn.com,http://frynn.com/บานบุรีเหลือง/,บานบุรี
frynn.com,http://frynn.com/บานไม่รู้โรยดอกขาว/,บานไม่รู้โรย
frynn.com,http://frynn.com/บานไม่รู้โรยป่า/,บานไม่รู้โรยป่า
frynn.com,http://frynn.com/บานเย็น/,บานเย็น
frynn.com,http://frynn.com/บีทรูท/,บีทรูท
frynn.com,http://frynn.com/บุก/,บุก
frynn.com,http://frynn.com/บุก/#T-2,บุกคางคก
frynn.com,http://frynn.com/บุกอีรอกเขา/,บุกอีรอกเขา
frynn.com,http://frynn.com/บุนนาค/,บุนนาค
frynn.com,http://frynn.com/เบญกานี/,เบญกานี
frynn.com,http://frynn.com/เบญจมาศน้ำเค็ม/,เบญจมาศน้ำเค็ม
frynn.com,http://frynn.com/เก๊กฮวย/,เบญจมาศสวน
frynn.com,http://frynn.com/เบอะคะปุ่ย/,เบอะคะปุ่ย
frynn.com,http://frynn.com/ใบเงิน-ใบทอง-ใบนาก/,ใบเงินใบทอง
frynn.com,http://frynn.com/ใบต่อก้าน/,ใบต่อก้าน
frynn.com,http://frynn.com/ใบระบาด/,ใบระบาด
frynn.com,http://frynn.com/ปรงป่า/,ปรงป่า
frynn.com,http://frynn.com/ประดู่บ้าน/,ประดู่
frynn.com,http://frynn.com/ประดู่ป่า/,ประดู่ป่า
frynn.com,http://frynn.com/ประทัดจีน/,ประทัดจีน
frynn.com,http://frynn.com/ประทัดใหญ่/,ประทัดใหญ่
frynn.com,http://frynn.com/ประยงค์/,ประยงค์
frynn.com,http://frynn.com/ปรู/,ปรู
frynn.com,http://frynn.com/ปลายสาน/,ปลายสาน
frynn.com,http://frynn.com/ปลาไหลเผือก/,ปลาไหลเผือก
frynn.com,http://frynn.com/ปอกระเจา/,ปอกระเจา
frynn.com,http://frynn.com/ปอกระสา/,ปอกระสา
frynn.com,http://frynn.com/ปอแดง/,ปอแดง
frynn.com,http://frynn.com/ปอเต่าไห้/,ปอเต่าไห้
frynn.com,http://frynn.com/ปอทะเล/,ปอทะเล
frynn.com,http://frynn.com/ปอกะบิด/,ปอบิด
frynn.com,http://frynn.com/ปอผี/,ปอผี
frynn.com,http://frynn.com/ปอพราน/,ปอพราน
frynn.com,http://frynn.com/ปอลมปม/,ปอลมปม
frynn.com,http://frynn.com/ปีบ/,ปีบ
frynn.com,http://frynn.com/กาซะลองคำ/,ปีบทอง
frynn.com,http://frynn.com/ปีบฝรั่ง/,ปีบฝรั่ง
frynn.com,http://frynn.com/ปืนนกไส้/,ปืนนกไส้
frynn.com,http://frynn.com/ปุดใหญ่/,ปุดใหญ่
frynn.com,http://frynn.com/เปราะป่า/,เปราะป่า
frynn.com,http://frynn.com/เปราะหอม/,เปราะหอม
frynn.com,http://frynn.com/เปล้าน้อย/,เปล้าน้อย
frynn.com,http://frynn.com/เปล้าใหญ่/,เปล้าใหญ่
frynn.com,http://frynn.com/แปะก๊วย/,แปะก๊วย
frynn.com,http://frynn.com/โป๊ยกั๊ก/,โป๊ยกั๊ก
frynn.com,http://frynn.com/โปร่งกิ่ว/,โปร่งกิ่ว
frynn.com,http://frynn.com/ผกากรอง/,ผกากรอง
frynn.com,http://frynn.com/ผักกระเฉด/,ผักกระเฉด
frynn.com,http://frynn.com/ผักกวางตุ้ง/,ผักกวางตุ้ง
frynn.com,http://frynn.com/ผักกะโฉม/,ผักกะโฉม
frynn.com,http://frynn.com/ผักกาดขาว/,ผักกาดขาว
frynn.com,http://frynn.com/ผักกาดโคก/,ผักกาดโคก
frynn.com,http://frynn.com/ผักกาดนอ/,ผักกาดนอ
frynn.com,http://frynn.com/ผักกาดน้ำ/,ผักกาดน้ำ
frynn.com,http://frynn.com/ผักกาดน้ำเล็ก/,ผักกาดน้ำเล็ก
frynn.com,http://frynn.com/ผักกาดส้ม/,ผักกาดส้ม
frynn.com,http://frynn.com/ผักกาดหอม/,ผักกาดหอม
frynn.com,http://frynn.com/หัวไชเท้า/,ผักกาดหัว
frynn.com,http://frynn.com/ผักกูด/,ผักกูด
frynn.com,http://frynn.com/ผักขมใบแดง/,ผักขมใบแดง
frynn.com,http://frynn.com/ผักโขมสวน/,ผักขมสวน
frynn.com,http://frynn.com/ผักโขมหิน/,ผักขมหิน
frynn.com,http://frynn.com/ผักขี้มด/,ผักขี้มด
frynn.com,http://frynn.com/ผักขี้หูด/,ผักขี้หูด
frynn.com,http://frynn.com/ผักแขยง/,ผักแขยง
frynn.com,http://frynn.com/ผักแขยง/,ผักแขยง
frynn.com,http://frynn.com/ผักโขม/,ผักโขม
frynn.com,http://frynn.com/ผักโขมหนาม/,ผักโขมหนาม
frynn.com,http://frynn.com/ผักโขมหัด/,ผักโขมหัด
frynn.com,http://frynn.com/ผักคราดหัวแหวน/,ผักคราดหัวแหวน
frynn.com,http://frynn.com/ผักคะน้า/,ผักคะน้า
frynn.com,http://frynn.com/ผักเค็ด/,ผักเค็ด
frynn.com,http://frynn.com/ผักแครด/,ผักแครด
frynn.com,http://frynn.com/ผักชี/,ผักชี
frynn.com,http://frynn.com/ผักชีดอย/,ผักชีดอย
frynn.com,http://frynn.com/ผักชีฝรั่ง/,ผักชีฝรั่ง
frynn.com,http://frynn.com/ผักชีล้อม/,ผักชีล้อม
frynn.com,http://frynn.com/ผักชีลาว/,ผักชีลาว
frynn.com,http://frynn.com/ผักเชียงดา/,ผักเชียงดา
frynn.com,http://frynn.com/ผักตบชวา/,ผักตบชวา
frynn.com,http://frynn.com/ผักตบไทย/,ผักตบไทย
frynn.com,http://frynn.com/ผักบุ้ง/,ผักบุ้ง
frynn.com,http://frynn.com/ผักบุ้งทะเล/,ผักบุ้งทะเล
frynn.com,http://frynn.com/ผักบุ้งร่วม/,ผักบุ้งร่วม
frynn.com,http://frynn.com/ผักบุ้งรั้ว/,ผักบุ้งรั้ว
frynn.com,http://frynn.com/ผักเบี้ยหิน/,ผักเบี้ยหิน
frynn.com,http://frynn.com/ผักเบี้ยใหญ่/,ผักเบี้ยใหญ่
frynn.com,http://frynn.com/ผักปลัง/,ผักปลัง
frynn.com,http://frynn.com/ผักปลาบ/,ผักปลาบ
frynn.com,http://frynn.com/ผักปลาบใบแคบ/,ผักปลาบ
frynn.com,http://frynn.com/ผักปลาบช้าง/,ผักปลาบช้าง
frynn.com,http://frynn.com/ผักเป็ด/,ผักเป็ด
frynn.com,http://frynn.com/ผักเป็ดแดง/,ผักเป็ดแดง
frynn.com,http://frynn.com/ผักเป็ดน้ำ/,ผักเป็ดน้ำ
frynn.com,http://frynn.com/ผักแพว/,ผักแพว
frynn.com,http://frynn.com/ผักแพวแดง/,ผักแพวแดง
frynn.com,http://frynn.com/ผักแว่น/,ผักแว่น
frynn.com,http://frynn.com/ผักเสี้ยน/,ผักเสี้ยน
frynn.com,http://frynn.com/ผักเสี้ยนผี/,ผักเสี้ยนผี
frynn.com,http://frynn.com/ผักหนอก/,ผักหนอก
frynn.com,http://frynn.com/ผักหนาม/,ผักหนาม
frynn.com,http://frynn.com/ผักหวานบ้าน/,ผักหวานบ้าน
frynn.com,http://frynn.com/ผักหวานป่า/,ผักหวานป่า
frynn.com,http://frynn.com/ผ่าเสี้ยน/,ผ่าเสี้ยน
frynn.com,http://frynn.com/เผือก/,เผือก
frynn.com,http://frynn.com/โผงเผง/,โผงเผง
frynn.com,http://frynn.com/ฝรั่ง/,ฝรั่ง
frynn.com,http://frynn.com/ฝอยทอง/,ฝอยทอง
frynn.com,http://frynn.com/ฝาง/,ฝาง
frynn.com,http://frynn.com/ฝ้าย/,ฝ้าย
frynn.com,http://frynn.com/ฝ้ายขาว/,ฝ้ายขาว
frynn.com,http://frynn.com/ฝ้ายแดง/,ฝ้ายแดง
frynn.com,http://frynn.com/ฝิ่นต้น/,ฝิ่นต้น
frynn.com,http://frynn.com/พญาดง/,พญาดง
frynn.com,http://frynn.com/พญาท้าวเอว/,พญาท้าวเอว
frynn.com,http://frynn.com/พญามุตติ/,พญามุตติ
frynn.com,http://frynn.com/พญาไร้ใบ/,พญาไร้ใบ
frynn.com,http://frynn.com/ต้นพญาไร้ใบ/,พญาไร้ใบ
frynn.com,http://frynn.com/พญาสัตบรรณ/,พญาสัตบรรณ
frynn.com,http://frynn.com/พรมมิแดง/,พรมมิแดง
frynn.com,http://frynn.com/พรหมตีนสูง/,พรหมตีนสูง
frynn.com,http://frynn.com/พระจันทร์ครึ่งซีก/,พระจันทร์ครึ่งซีก
frynn.com,http://frynn.com/พริกขี้หนู/,พริกขี้หนู
frynn.com,http://frynn.com/พริกชี้ฟ้า/,พริกชี้ฟ้า
frynn.com,http://frynn.com/พริกไทย/,พริกไทย
frynn.com,http://frynn.com/พริกนายพราน/,พริกนายพราน
frynn.com,http://frynn.com/พริกหยวก/,พริกหยวก
frynn.com,http://frynn.com/พริกหวาน/,พริกหวาน
frynn.com,http://frynn.com/พลองกินลูก/,พลองกินลูก
frynn.com,http://frynn.com/พลองแก้มอ้น/,พลองแก้มอ้น
frynn.com,http://frynn.com/พลองขี้ควาย/,พลองขี้ควาย
frynn.com,http://frynn.com/พลองใบใหญ่/,พลองใบใหญ่
frynn.com,http://frynn.com/พลองเหมือด/,พลองเหมือด
frynn.com,http://frynn.com/ลูกพลับ/,พลับ
frynn.com,http://frynn.com/พลับพลา/,พลับพลา
frynn.com,http://frynn.com/พลับพลึง/,พลับพลึง
frynn.com,http://frynn.com/พลับพลึงแดง/,พลับพลึงแดง
frynn.com,http://frynn.com/พลับพลึงตีนเป็ด/,พลับพลึงตีนเป็ด
frynn.com,http://frynn.com/พลูคาว/,พลูคาว
frynn.com,http://frynn.com/พลูช้าง/,พลูช้าง
frynn.com,http://frynn.com/พวงไข่มุก/,พวงไข่มุก
frynn.com,http://frynn.com/พวงชมพู/,พวงชมพู
frynn.com,http://frynn.com/พวงตุ้มหู/,พวงตุ้มหู
frynn.com,http://frynn.com/พะยอม/,พะยอม
frynn.com,http://frynn.com/พะยูง/,พะยูง
frynn.com,http://frynn.com/พะวา/,พะวา
frynn.com,http://frynn.com/พังคี/,พังคี
frynn.com,http://frynn.com/พังแหรใหญ่/,พังแหร
frynn.com,http://frynn.com/พันงูเขียว/,พันงูเขียว
frynn.com,http://frynn.com/หญ้าพันงูน้อย/,พันงูน้อย
frynn.com,http://frynn.com/พาร์สลี่ย์/,พาร์สลี่ย์
frynn.com,http://frynn.com/พิกุล/,พิกุล
frynn.com,http://frynn.com/พิมเสน/,พิมเสน
frynn.com,http://frynn.com/พิมเสนต้น/,พิมเสนต้น
frynn.com,http://frynn.com/พิลังกาสา/,พิลังกาสา
frynn.com,http://frynn.com/พิษนาศน์/,พิษนาศน์
frynn.com,http://frynn.com/พุดจีบ/,พุดจีบ
frynn.com,http://frynn.com/พุดซ้อน/,พุดซ้อน
frynn.com,http://frynn.com/พุดตาน/,พุดตาน
frynn.com,http://frynn.com/พุดทุ่ง/,พุดทุ่ง
frynn.com,http://frynn.com/พุทธรักษา/,พุทธรักษา
frynn.com,http://frynn.com/พุทธรักษากินหัว/,พุทธรักษากินหัว
frynn.com,http://frynn.com/พุทราจีน/,พุทรา
frynn.com,http://frynn.com/พู่ระหง/,พู่ระหง
frynn.com,http://frynn.com/เพกา/,เพกา
frynn.com,http://frynn.com/เพชรสังฆาต/,เพชรสังฆาต
frynn.com,http://frynn.com/เพี้ยกระทิง/,เพี้ยกระทิง
frynn.com,http://frynn.com/แพงพวยน้ำ/,แพงพวยน้ำ
frynn.com,http://frynn.com/แพงพวยฝรั่ง/,แพงพวยฝรั่ง
frynn.com,http://frynn.com/โพทะเล/,โพทะเล
frynn.com,http://frynn.com/โพธิ์/,โพธิ์
frynn.com,http://frynn.com/โพธิ์ศรี/,โพธิ์ศรี
frynn.com,http://frynn.com/ไพล/,ไพล
frynn.com,http://frynn.com/ว่านไพลดำ/,ไพลดำ
frynn.com,http://frynn.com/ฟักเขียว/,ฟักเขียว
frynn.com,http://frynn.com/ฟักข้าว/,ฟักข้าว
frynn.com,http://frynn.com/ฟักทอง/,ฟักทอง
frynn.com,http://frynn.com/ฟ้าทะลายโจร/,ฟ้าทะลายโจร
frynn.com,http://frynn.com/เฟิร์นเงิน/,เฟิร์นเงิน
frynn.com,http://frynn.com/เฟื่องฟ้า/,เฟื่องฟ้า
frynn.com,http://frynn.com/แฟรงกูล่า/,แฟรงกูล่า
frynn.com,http://frynn.com/ไฟเดือนห้า/,ไฟเดือนห้า
frynn.com,http://frynn.com/มหาหงส์/,มหาหงส์
frynn.com,http://frynn.com/มหาหิงคุ์/,มหาหิงคุ์
frynn.com,http://frynn.com/ม่อนไข่/,ม่อนไข่
frynn.com,http://frynn.com/มะกรูด/,มะกรูด
frynn.com,http://frynn.com/มะกล่ำต้น/,มะกล่ำต้น
frynn.com,http://frynn.com/มะกล่ำตาหนู/,มะกล่ำตาหนู
frynn.com,http://frynn.com/มะกล่ำเผือก/,มะกล่ำเผือก
frynn.com,http://frynn.com/มะกอกป่า/,มะกอก
frynn.com,http://frynn.com/มะกอกเกลื้อน/,มะกอกเกลื้อน
frynn.com,http://frynn.com/มะกอกน้ำ/,มะกอกน้ำ
frynn.com,http://frynn.com/มะกอกฝรั่ง/,มะกอกฝรั่ง
frynn.com,http://frynn.com/มะกา/,มะกา
frynn.com,http://frynn.com/มะเกลือ/,มะเกลือ
frynn.com,http://frynn.com/มะขวิด/,มะขวิด
frynn.com,http://frynn.com/มะขาม/,มะขาม
frynn.com,http://frynn.com/มะขามแขก/,มะขามแขก
frynn.com,http://frynn.com/มะขามเทศ/,มะขามเทศ
frynn.com,http://frynn.com/มะขามป้อม/,มะขามป้อม
frynn.com,http://frynn.com/มะเขือขื่น/,มะเขือขื่น
frynn.com,http://frynn.com/มะเขือดง/,มะเขือดง
frynn.com,http://frynn.com/มะเขือเทศ/,มะเขือเทศ
frynn.com,http://frynn.com/มะเขือเปราะ/,มะเขือเปราะ
frynn.com,http://frynn.com/มะเขือพวง/,มะเขือพวง
frynn.com,http://frynn.com/มะเขือม่วง/,มะเขือม่วง
frynn.com,http://frynn.com/มะเขือยาว/,มะเขือยาว
frynn.com,http://frynn.com/มะคังแดง/,มะคังแดง
frynn.com,http://frynn.com/มะค่าแต้/,มะค่าแต้
frynn.com,http://frynn.com/มะคำดีควาย/,มะคำดีควาย
frynn.com,http://frynn.com/มะจ้ำก้อง/,มะจ้ำก้อง
frynn.com,http://frynn.com/มะดัน/,มะดัน
frynn.com,http://frynn.com/มะดูก/,มะดูก
frynn.com,http://frynn.com/มะเดื่อฝรั่ง/,มะเดื่อ
frynn.com,http://frynn.com/มะเดื่อชุมพร/,มะเดื่อชุมพร
frynn.com,http://frynn.com/มะเดื่อปล้อง/,มะเดื่อปล้อง
frynn.com,http://frynn.com/มะเดื่อหอม/,มะเดื่อหอม
frynn.com,http://frynn.com/มะตาด/,มะตาด
frynn.com,http://frynn.com/มะตูม/,มะตูม
frynn.com,http://frynn.com/มะนาว/,มะนาว
frynn.com,http://frynn.com/มะนาวผี/,มะนาวผี
frynn.com,http://frynn.com/มะปราง/,มะปราง
frynn.com,http://frynn.com/มะฝ่อ/,มะฝ่อ
frynn.com,http://frynn.com/มะพร้าว/,มะพร้าว
frynn.com,http://frynn.com/มะพลับ/,มะพลับ
frynn.com,http://frynn.com/มะพอก/,มะพอก
frynn.com,http://frynn.com/มะพูด/,มะพูด
frynn.com,http://frynn.com/มะเฟือง/,มะเฟือง
frynn.com,http://frynn.com/มะแฟน/,มะแฟน
frynn.com,http://frynn.com/มะไฟ/,มะไฟ
frynn.com,http://frynn.com/มะม่วง/,มะม่วง
frynn.com,http://frynn.com/มะม่วงหัวแมงวัน/,มะม่วงหัวแมงวัน
frynn.com,http://frynn.com/มะม่วงหาวมะนาวโห่/,มะม่วงหาวมะนาวโห่
frynn.com,http://frynn.com/มะม่วงหิมพานต์/,มะม่วงหิมพานต์
frynn.com,http://frynn.com/มะเม่า/,มะเม่า
frynn.com,http://frynn.com/มะยม/,มะยม
frynn.com,http://frynn.com/มะระ/,มะระ
frynn.com,http://frynn.com/มะระขี้นก/,มะระขี้นก
frynn.com,http://frynn.com/มะรุม/,มะรุม
frynn.com,http://frynn.com/มะละกอ/,มะละกอ
frynn.com,http://frynn.com/มะลิ/,มะลิ
frynn.com,http://frynn.com/มะลิดิน/,มะลิดิน
frynn.com,http://frynn.com/มะแว้งเครือ/,มะแว้งเครือ
frynn.com,http://frynn.com/มะแว้งต้น/,มะแว้งต้น
frynn.com,http://frynn.com/มะแว้งนก/,มะแว้งนก
frynn.com,http://frynn.com/มะสัง/,มะสัง
frynn.com,http://frynn.com/มะหลอด/,มะหลอด
frynn.com,http://frynn.com/มะหวด/,มะหวด
frynn.com,http://frynn.com/มะหาด/,มะหาด
frynn.com,http://frynn.com/มะหิ่งดง/,มะหิ่งดง
frynn.com,http://frynn.com/มะหิ่งแพะ/,มะหิ่งแพะ
frynn.com,http://frynn.com/มะเหลี่ยมหิน/,มะเหลี่ยมหิน
frynn.com,http://frynn.com/มะอึก/,มะอึก
frynn.com,http://frynn.com/มังคุด/,มังคุด
frynn.com,http://frynn.com/มังตาน/,มังตาน
frynn.com,http://frynn.com/มันแกว/,มันแกว
frynn.com,http://frynn.com/มันเทศ/,มันเทศ
frynn.com,http://frynn.com/มันฝรั่ง/,มันฝรั่ง
frynn.com,http://frynn.com/มันสำปะหลัง/,มันสำปะหลัง
frynn.com,http://frynn.com/มัลเบอร์รี่/,มัลเบอร์รี่
frynn.com,http://frynn.com/ม้ากระทืบโรง/,ม้ากระทืบโรง
frynn.com,http://frynn.com/เม่าไข่ปลา/,เม่าไข่ปลา
frynn.com,http://frynn.com/เม่าสร้อย/,เม่าสร้อย
frynn.com,http://frynn.com/เมี่ยงหลวง/,เมี่ยงหลวง
frynn.com,http://frynn.com/เมื่อย/,เมื่อย
frynn.com,http://frynn.com/แม่กลอน/,แม่กลอน
frynn.com,http://frynn.com/แมงลัก/,แมงลัก
frynn.com,http://frynn.com/แมงลักคา/,แมงลักคา
frynn.com,http://frynn.com/โมกแดง/,โมกแดง
frynn.com,http://frynn.com/โมกบ้าน/,โมกบ้าน
frynn.com,http://frynn.com/โมกมัน/,โมกมัน
frynn.com,http://frynn.com/โมกหลวง/,โมกหลวง
frynn.com,http://frynn.com/ไม้เท้ายายม่อม/,ไม้เท้ายายม่อม
frynn.com,http://frynn.com/ไมยราบ/,ไมยราบ
frynn.com,http://frynn.com/ไมยราบยักษ์/,ไมยราบยักษ์
frynn.com,http://frynn.com/ยมหิน/,ยมหิน
frynn.com,http://frynn.com/ลูกยอ/,ยอ
frynn.com,http://frynn.com/ยอเถื่อน/,ยอเถื่อน
frynn.com,http://frynn.com/ยอป่า/,ยอป่า
frynn.com,http://frynn.com/ย่านงด/,ย่านงด
frynn.com,http://frynn.com/ย่านพาโหม/,ย่านพาโหม
frynn.com,http://frynn.com/ใบย่านาง/,ย่านาง
frynn.com,http://frynn.com/ย่านางแดง/,ย่านางแดง
frynn.com,http://frynn.com/ยาสูบ/,ยาสูบ
frynn.com,http://frynn.com/ยี่เข่ง/,ยี่เข่ง
frynn.com,http://frynn.com/ยี่โถ/,ยี่โถ
frynn.com,http://frynn.com/ยี่หร่า/,ยี่หร่า
frynn.com,http://frynn.com/ยี่หุบ/,ยี่หุบ
frynn.com,http://frynn.com/ยูคาลิปตัส/,ยูคาลิปตัส
frynn.com,http://frynn.com/เยี่ยวหมู/,เยี่ยวหมู
frynn.com,http://frynn.com/แย้มปีนัง/,แย้มปีนัง
frynn.com,http://frynn.com/รกฟ้า/,รกฟ้า
frynn.com,http://frynn.com/รงทอง/,รงทอง
frynn.com,http://frynn.com/รสสุคนธ์/,รสสุคนธ์
frynn.com,http://frynn.com/รสสุคนธ์แดง/,รสสุคนธ์แดง
frynn.com,http://frynn.com/ระกำ/,ระกำ
frynn.com,http://frynn.com/ระกำป่า/,ระกำป่า
frynn.com,http://frynn.com/ระย่อมน้อย/,ระย่อม
frynn.com,http://frynn.com/ระย่อมหลวง/,ระย่อมหลวง
frynn.com,http://frynn.com/ระย่อมใหญ่/,ระย่อมใหญ่
frynn.com,http://frynn.com/รัก/,รัก
frynn.com,http://frynn.com/รักทะเล/,รักทะเล
frynn.com,http://frynn.com/รักเร่/,รักเร่
frynn.com,http://frynn.com/รักใหญ่/,รักใหญ่
frynn.com,http://frynn.com/รัง/,รัง
frynn.com,http://frynn.com/รากสามสิบ/,รากสามสิบ
frynn.com,http://frynn.com/รางจืด/,รางจืด
frynn.com,http://frynn.com/รางแดง/,รางแดง
frynn.com,http://frynn.com/ราชดัด/,ราชดัด
frynn.com,http://frynn.com/ราชพฤกษ์/,ราชพฤกษ์
frynn.com,http://frynn.com/รามใหญ่/,รามใหญ่
frynn.com,http://frynn.com/เร่ว/,เร่ว
frynn.com,http://frynn.com/ละมุด/,ละมุด
frynn.com,http://frynn.com/ละหุ่ง/,ละหุ่ง
frynn.com,http://frynn.com/ลางสาด/,ลางสาด
frynn.com,http://frynn.com/ต้นลาน/,ลาน
frynn.com,http://frynn.com/ลำดวน/,ลำดวน
frynn.com,http://frynn.com/ลำพูป่า/,ลำพูป่า
frynn.com,http://frynn.com/ลำโพงขาว/,ลำโพง
frynn.com,http://frynn.com/ลำโพงกาสลัก/,ลำโพงกาสลัก
frynn.com,http://frynn.com/ลำไย/,ลำไย
frynn.com,http://frynn.com/ลิ้นกวาง/,ลิ้นกวาง
frynn.com,http://frynn.com/ลิ้นควาย/,ลิ้นควาย
frynn.com,http://frynn.com/ลิ้นจี่/,ลิ้นจี่
frynn.com,http://frynn.com/ลิ้นมังกร/,ลิ้นมังกร
frynn.com,http://frynn.com/ลิเภา/,ลิเภา
frynn.com,http://frynn.com/ลีลาวดี/,ลีลาวดี
frynn.com,http://frynn.com/ลูกใต้ใบ/,ลูกใต้ใบ
frynn.com,http://frynn.com/เล็บมือนาง/,เล็บมือนาง
frynn.com,http://frynn.com/เล็บเหยี่ยว/,เล็บเหยี่ยว
frynn.com,http://frynn.com/เลมอน/,เลมอน
frynn.com,http://frynn.com/เลี่ยน/,เลี่ยน
frynn.com,http://frynn.com/เลือดควายใบใหญ่/,เลือดควายใบใหญ่
frynn.com,http://frynn.com/โลดทะนงแดง/,โลดทะนง
frynn.com,http://frynn.com/ว่านกาบหอย/,ว่านกาบหอย
frynn.com,http://frynn.com/ว่านกีบแรด/,ว่านกีบแรด
frynn.com,http://frynn.com/ว่านเขียวหมื่นปี/,ว่านเขียวหมื่นปี
frynn.com,http://frynn.com/ว่านคันทมาลา/,ว่านคันทมาลา
frynn.com,http://frynn.com/ว่านชักมดลูก/,ว่านชักมดลูก
frynn.com,http://frynn.com/ว่านรากราคะ/,ว่านดอกทอง
frynn.com,http://frynn.com/ว่านท้องใบม่วง/,ว่านท้องใบม่วง
frynn.com,http://frynn.com/ว่านธรณีสาร/,ว่านธรณีสาร
frynn.com,http://frynn.com/ว่านนกคุ่ม/,ว่านนกคุ่ม
frynn.com,http://frynn.com/ว่านนางคำ/,ว่านนางคำ
frynn.com,http://frynn.com/ว่านน้ำ/,ว่านน้ำ
frynn.com,http://frynn.com/ว่านน้ำเล็ก/,ว่านน้ำเล็ก
frynn.com,http://frynn.com/ว่านผักบุ้ง/,ว่านผักบุ้ง
frynn.com,http://frynn.com/ว่านพระฉิม/,ว่านพระฉิม
frynn.com,http://frynn.com/ว่านพร้าว/,ว่านพร้าว
frynn.com,http://frynn.com/ว่านเพชรหึง/,ว่านเพชรหึง
frynn.com,http://frynn.com/ว่านไพลดำ/,ว่านไพลดำ
frynn.com,http://frynn.com/ว่านมหากาฬ/,ว่านมหากาฬ
frynn.com,http://frynn.com/ว่านมหาเมฆ/,ว่านมหาเมฆ
frynn.com,http://frynn.com/ว่านแร้งคอดำ/,ว่านแร้งคอดำ
frynn.com,http://frynn.com/ว่านลูกไก่ทอง/,ว่านลูกไก่ทอง
frynn.com,http://frynn.com/ว่านสากเหล็ก/,ว่านสากเหล็ก
frynn.com,http://frynn.com/ว่านหางจระเข้/,ว่านหางจระเข้
frynn.com,http://frynn.com/ว่านหางช้าง/,ว่านหางช้าง
frynn.com,http://frynn.com/วาน้ำ/,วาน้ำ
frynn.com,http://frynn.com/แว่นแก้ว/,แว่นแก้ว
frynn.com,http://frynn.com/สกุณี/,สกุณี
frynn.com,http://frynn.com/สตรอเบอรี่ป่า/,สตรอเบอรี่ป่า
frynn.com,http://frynn.com/สตรอเบอร์รี่/,สตรอว์เบอร์รี
frynn.com,http://frynn.com/สนทราย/,สนทราย
frynn.com,http://frynn.com/สนทะเล/,สนทะเล
frynn.com,http://frynn.com/สนสามใบ/,สนสามใบ
frynn.com,http://frynn.com/สนหางสิงห์/,สนหางสิงห์
frynn.com,http://frynn.com/สนุ่น/,สนุ่น
frynn.com,http://frynn.com/สบู่ดำ/,สบู่ดำ
frynn.com,http://frynn.com/สบู่แดง/,สบู่แดง
frynn.com,http://frynn.com/สบู่เลือด/,สบู่เลือด
frynn.com,http://frynn.com/ว่านสบู่เลือด/,สบู่เลือด
frynn.com,http://frynn.com/ส้มกบ/,ส้มกบ
frynn.com,http://frynn.com/ส้มกุ้ง/,ส้มกุ้ง
frynn.com,http://frynn.com/ส้มเกลี้ยง/,ส้มเกลี้ยง
frynn.com,http://frynn.com/ส้มเขียวหวาน/,ส้มเขียวหวาน
frynn.com,http://frynn.com/ส้มแขก/,ส้มแขก
frynn.com,http://frynn.com/ส้มจี๊ด/,ส้มจี๊ด
frynn.com,http://frynn.com/ส้มเช้า/,ส้มเช้า
frynn.com,http://frynn.com/ส้มป่อย/,ส้มป่อย
frynn.com,http://frynn.com/ส้มมะปิด/,ส้มมะปิด
frynn.com,http://frynn.com/ส้มลม/,ส้มลม
frynn.com,http://frynn.com/สมอดีงู/,สมอดีงู
frynn.com,http://frynn.com/สมอไทย/,สมอไทย
frynn.com,http://frynn.com/สมอพิเภก/,สมอพิเภก
frynn.com,http://frynn.com/ส้มโอ/,ส้มโอ
frynn.com,http://frynn.com/สมี/,สมี
frynn.com,http://frynn.com/สร้อยทองทราย/,สร้อยทองทราย
frynn.com,http://frynn.com/สร้อยทับทิม/,สร้อยทับทิม
frynn.com,http://frynn.com/สร้อยอินทนิล/,สร้อยอินทนิล
frynn.com,http://frynn.com/สลอด/,สลอด
frynn.com,http://frynn.com/สละ/,สละ
frynn.com,http://frynn.com/สลัดได/,สลัดได
frynn.com,http://frynn.com/สวาด/,สวาด
frynn.com,http://frynn.com/สะแกนา/,สะแกนา
frynn.com,http://frynn.com/สะแกแสง/,สะแกแสง
frynn.com,http://frynn.com/สะเดา/,สะดา
frynn.com,http://frynn.com/สะเดาอินเดีย/,สะเดาอินเดีย
frynn.com,http://frynn.com/สะตอ/,สะตอ
frynn.com,http://frynn.com/สะบ้าลิง-2/,สะบ้าลิง
frynn.com,http://frynn.com/สะบ้าลิง/,สะบ้าลิง
frynn.com,http://frynn.com/สะพ้านก้น/,สะพานก้น
frynn.com,http://frynn.com/สะพ้านก๊น/,สะพานก๊น
frynn.com,http://frynn.com/สะระแหน่/,สะระแหน่
frynn.com,http://frynn.com/สะระแหน่ญี่ปุ่น/,สะระแหน่ญี่ปุ่น
frynn.com,http://frynn.com/ต้นสะอึก/,สะอึก
frynn.com,http://frynn.com/สะแอะ/,สะแอะ
frynn.com,http://frynn.com/สัก/,สัก
frynn.com,http://frynn.com/สังกรณี/,สังกรณี
frynn.com,http://frynn.com/สังกรณีดง/,สังกรณีดง
frynn.com,http://frynn.com/สังวาลพระอินทร์/,สังวาลพระอินทร์
frynn.com,http://frynn.com/สันพร้าหอม/,สันพร้าหอม
frynn.com,http://frynn.com/สับปะรด/,สับปะรด
frynn.com,http://frynn.com/สาเก/,สาเก
frynn.com,http://frynn.com/ส้านใหญ่/,ส้านใหญ่
frynn.com,http://frynn.com/สาบแร้งสาบกา/,สาบแร้งสาบกา
frynn.com,http://frynn.com/สาบเสือ/,สาบเสือ
frynn.com,http://frynn.com/สายน้ำผึ้ง/,สายน้ำผึ้ง
frynn.com,http://frynn.com/สายหยุด/,สายหยุด
frynn.com,http://frynn.com/สารภี/,สารภี
frynn.com,http://frynn.com/สารภีดอกใหญ่/,สารภีดอกใหญ่
frynn.com,http://frynn.com/สารภีป่า/,สารภีป่า
frynn.com,http://frynn.com/สาลี่/,สาลี่
frynn.com,http://frynn.com/สำมะงา/,สำมะงา
frynn.com,http://frynn.com/สำรอง/,สำรอง
frynn.com,http://frynn.com/สำโรง/,สำโรง
frynn.com,http://frynn.com/สิงหโมรา/,สิงหโมรา
frynn.com,http://frynn.com/สีเสียดเหนือ/,สีเสียดเหนือ
frynn.com,http://frynn.com/สุวรรณพฤกษ์/,สุวรรณพฤกษ์
frynn.com,http://frynn.com/เสจ/,เสจ
frynn.com,http://frynn.com/เสน่ห์จันทน์แดง/,เสน่ห์จันทน์แดง
frynn.com,http://frynn.com/เสนียด/,เสนียด
frynn.com,http://frynn.com/เสม็ด/,เสม็ด
frynn.com,http://frynn.com/เสลดพังพอนตัวผู้/,เสลดพังพอนตัวผู้
frynn.com,http://frynn.com/เสลดพังพอนตัวเมีย/,เสลดพังพอนตัวเมีย
frynn.com,http://frynn.com/เสาวรส/,เสาวรส
frynn.com,http://frynn.com/เสี้ยวดอกขาว/,เสี้ยวดอกขาว
frynn.com,http://frynn.com/เสี้ยวป่า/,เสี้ยวป่า
frynn.com,http://frynn.com/แสมสาร/,แสมสาร
frynn.com,http://frynn.com/แสยก/,แสยก
frynn.com,http://frynn.com/แสลงใจ/,แสลงใจ
frynn.com,http://frynn.com/โสก/,โสก
frynn.com,http://frynn.com/โสน/,โสน
frynn.com,http://frynn.com/โสมเกาหลี/,โสมเกาหลี
frynn.com,http://frynn.com/โสมซานชี/,โสมซานชี
frynn.com,http://frynn.com/โสมไทย/,โสมไทย
frynn.com,http://frynn.com/โสมอเมริกา/,โสมอเมริกา
frynn.com,http://frynn.com/ไส้กรอกแอฟริกา/,ไส้กรอกแอฟริกา
frynn.com,http://frynn.com/หงอนไก่ป่า/,หงอนไก่
frynn.com,http://frynn.com/หงอนไก่/,หงอนไก่
frynn.com,http://frynn.com/หญ้ากุศะ/,หญ้ากุศะ
frynn.com,http://frynn.com/หญ้าเกล็ดปลา/,หญ้าเกล็ดปลา
frynn.com,http://frynn.com/หญ้าเกล็ดหอย/,หญ้าเกล็ดหอย
frynn.com,http://frynn.com/เกล็ดหอย/,หญ้าเกล็ดหอย
frynn.com,http://frynn.com/หญ้าเกล็ดหอยเทศ/,หญ้าเกล็ดหอบเทศ
frynn.com,http://frynn.com/หญ้าขมใบย่น/,หญ้าขมใบย่น
frynn.com,http://frynn.com/หญ้าขัด/,หญ้าขัด
frynn.com,http://frynn.com/หญ้าขัดใบยาว/,หญ้าขัดใบยาว
frynn.com,http://frynn.com/หญ้าขัดใบป้อม/,หญ้าขัดใบป้อม
frynn.com,http://frynn.com/หญ้าขัดหลวง/,หญ้าขัดหลวง
frynn.com,http://frynn.com/หญ้าไข่เหา/,หญ้าไข่เหา
frynn.com,http://frynn.com/หญ้าคา/,หญ้าคา
frynn.com,http://frynn.com/หญ้างวงช้าง/,หญ้างวงช้าง
frynn.com,http://frynn.com/หญ้าดอกขาว/,หญ้าดอกขาว
frynn.com,http://frynn.com/หญ้าตดหมา/,หญ้าตดหมา
frynn.com,http://frynn.com/หญ้าปักกิ่ง/,หญ้าปักกิ่ง
frynn.com,http://frynn.com/หญ้าปากควาย/,หญ้าปากควาย
frynn.com,http://frynn.com/หญ้าฝรั่น/,หญ้าฝรั่น
frynn.com,http://frynn.com/หญ้าแฝก/,หญ้าแฝก
frynn.com,http://frynn.com/หญ้าพันงูขาว/,หญ้าพันงูขาว
frynn.com,http://frynn.com/หญ้าพันงูแดง/,หญ้าพันงูแดง
frynn.com,http://frynn.com/หญ้าแพรก/,หญ้าแพรก
frynn.com,http://frynn.com/หญ้ายาง/,หญ้ายาง
frynn.com,http://frynn.com/หญ้าลิ้นงู/,หญ้าลิ้นงู
frynn.com,http://frynn.com/หญ้าลูกข้าว/,หญ้าลูกข้าว
frynn.com,http://frynn.com/หญ้าสามคม/,หญ้าสามคม
frynn.com,http://frynn.com/หญ้าแส้ม้า/,หญ้าแส้ม้า
frynn.com,http://frynn.com/หญ้าหนวดแมว/,หญ้าหนวดแมว
frynn.com,http://frynn.com/หญ้าหวาน/,หญ้าหวาน
frynn.com,http://frynn.com/หญ้าเหลี่ยม/,หญ้าเหลี่ยม
frynn.com,http://frynn.com/หนอนตายหยาก/,หนอนตายหยาก
frynn.com,http://frynn.com/หนาด/,หนาด
frynn.com,http://frynn.com/หนาดคำ/,หนาดคำ
frynn.com,http://frynn.com/หนาดดอย/,หนาดดอย
frynn.com,http://frynn.com/หนาดดำ/,หนาดดำ
frynn.com,http://frynn.com/หนาดใหญ่/,หนาดใหญ่
frynn.com,http://frynn.com/หนามไข่กุ้ง/,หนามไข่กุ้ง
frynn.com,http://frynn.com/หนามโค้ง/,หนามโค้ง
frynn.com,http://frynn.com/หนามแน่ขาว/,หนามแน่ขาว
frynn.com,http://frynn.com/หนามแน่แดง/,หนามแน่แดง
frynn.com,http://frynn.com/หนามพรม/,หนามพรม
frynn.com,http://frynn.com/หนุมานนั่งแท่น/,หนุมานนั่งแท่น
frynn.com,http://frynn.com/หนูท้องขาว/,หนูท้องขาว
frynn.com,http://frynn.com/หม่อน/,หม่อน
frynn.com,http://frynn.com/หมาก/,หมาก
frynn.com,http://frynn.com/หมากผู้หมากเมีย/,หมากผู้หมากเมีย
frynn.com,http://frynn.com/หมามุ่ย/,หมามุ่ย
frynn.com,http://frynn.com/หมี่/,หมี่
frynn.com,http://frynn.com/หลิว/,หลิว
frynn.com,http://frynn.com/หวดหม่อน/,หวดหม่อน
frynn.com,http://frynn.com/ลูกหว้า/,หว้า
frynn.com,http://frynn.com/หวายนั่ง/,หวายนั่ง
frynn.com,http://frynn.com/หวายลิง/,หวายลิง
frynn.com,http://frynn.com/ห่อข้าวสีดา/,ห่อข้าวสีดา
frynn.com,http://frynn.com/หอมไกลดง/,หอมไกลดง
frynn.com,http://frynn.com/หอมแดง/,หอมแดง
frynn.com,http://frynn.com/หอมหัวใหญ่/,หอมใหญ่
frynn.com,http://frynn.com/หันลัด/,หัน
frynn.com,http://frynn.com/หัวร้อยรู/,หัวร้อยรู
frynn.com,http://frynn.com/หัวลิง/,หัวลิง
frynn.com,http://frynn.com/หัสคุณ/,หัสคุณ
frynn.com,http://frynn.com/หางนกยูงไทย/,หางนกยูงไทย
frynn.com,http://frynn.com/หางนกยูงฝรั่ง/,หางนกยูงฝรั่ง
frynn.com,http://frynn.com/หางไหลแดง/,หางไหลแดง
frynn.com,http://frynn.com/หิ่งเม่น/,หิ่งเม่น
frynn.com,http://frynn.com/หิ่งเม่นน้อย/,หิ่งเม่นน้อย
frynn.com,http://frynn.com/หิรัญญิการ์/,หิรัญญิการ์
frynn.com,http://frynn.com/หูกวาง/,หูกวาง
frynn.com,http://frynn.com/หูปลาช่อน/,หูปลาช่อน
frynn.com,http://frynn.com/เนียมหูเสือ/,หูเสือ
frynn.com,http://frynn.com/หูเสือ/,หูเสือ
frynn.com,http://frynn.com/เหงือกปลาหมอ/,เหงือกปลาหมอ
frynn.com,http://frynn.com/เห็ดหลินจือ/,เห็ดหลินจือ
frynn.com,http://frynn.com/เห็ดหูหนู/,เห็ดหูหนู
frynn.com,http://frynn.com/ต้นเหรียง/,เหรียง
frynn.com,http://frynn.com/เหียง/,เหียง
frynn.com,http://frynn.com/แห้ม/,แห้ม
frynn.com,http://frynn.com/แห้วหมู/,แห้วหมู
frynn.com,http://frynn.com/โหระพา/,โหระพา
frynn.com,http://frynn.com/โหราข้าวโพด/,โหราข้าวโพด
frynn.com,http://frynn.com/โหราเดือยไก่/,โหราเดือยไก่
frynn.com,http://frynn.com/โหราน้ำเต้า/,โหราน้ำเต้า
frynn.com,http://frynn.com/โหราบอน/,โหราบอน
frynn.com,http://frynn.com/องุ่น/,องุ่น
frynn.com,http://frynn.com/อบเชย/,อบเชย
frynn.com,http://frynn.com/อบเชยเถา/,อบเชยเถา
frynn.com,http://frynn.com/อรพิม/,อรพิม
frynn.com,http://frynn.com/อวดเชือก/,อวดเชือก
frynn.com,http://frynn.com/อวบดำ/,อวบดำ
frynn.com,http://frynn.com/อ้อย/,อ้อย
frynn.com,http://frynn.com/อ้อยช้าง/,อ้อยช้าง
frynn.com,http://frynn.com/อ้อเล็ก/,อ้อเล็ก
frynn.com,http://frynn.com/อะราง/,อะราง
frynn.com,http://frynn.com/อัคคีทวาร/,อัคคีทวาร
frynn.com,http://frynn.com/อังกาบ/,อังกาบ
frynn.com,http://frynn.com/อังกาบหนู/,อังกาบหนู
frynn.com,http://frynn.com/อัญชัน/,อัญชัน
frynn.com,http://frynn.com/อัญชันป่า/,อัญชันป่า
frynn.com,http://frynn.com/อัลฟัลฟ่า/,อัลฟัลฟา
frynn.com,http://frynn.com/อัลมอนด์/,อัลมอนด์
frynn.com,http://frynn.com/อั้วข้าวตอก/,อั้วข้าวตอก
frynn.com,http://frynn.com/อินจัน/,อินจัน
frynn.com,http://frynn.com/อินทนิลน้ำ/,อินทนิลน้ำ
frynn.com,http://frynn.com/อินทผลัม/,อินทผลัม
frynn.com,http://frynn.com/อีเหนียว/,อีเหนียว
frynn.com,http://frynn.com/อุตพิต/,อุตพิต
frynn.com,http://frynn.com/อุโลก/,อุโลก
frynn.com,http://frynn.com/เอื้องเข็มแสด/,เอื้องเข็มแสด
frynn.com,http://frynn.com/เอื้องหมายนา/,เอื้องหมายนา
frynn.com,http://frynn.com/แอปเปิ้ล,แอปเปิล
frynn.com,http://frynn.com/แอสเตอร์/,แอสเตอร์
frynn.com,http://frynn.com/แอหนัง/,แอหนัง
frynn.com,http://frynn.com/โคโรค/,โคโรค
frynn.com,http://frynn.com/ชะมดเชียง/,ชะมดเชียง
frynn.com,http://frynn.com,
frynn.com,http://frynn.com, 
frynn.com,http://frynn.com, 
